"STATION,""NAME"",""DATE"",""CDSD"",""CLDD"",""DP01"",""DP10"",""DSND"",""DSNW"",""DT00"",""DT32"",""DX32"",""DX70"",""DX90"",""EMNT"",""EMSD"",""EMSN"",""EMXP"",""EMXT"",""HDSD"",""HTDD"",""PRCP"",""SNOW"",""TAVG"",""TMAX"",""TMIN"""
"USC00110072,""ALEDO, IL US"",""1980-01"",""0"",""0"",""8"",""1"",,""1"",""2"",""29"",""16"",""0"",""0"",""-2"",,""1.5"",""0.66"",""53"",""3528"",""1282"",""1.00"",""2.9"",""23.6"",""31.9"",""15.4"""
"USC00110072,""ALEDO, IL US"",""1980-02"",""0"",""0"",""6"",""5"",,""3"",""3"",""27"",""21"",""0"",""0"",""-6"",,""6.0"",""0.44"",""46"",""4787"",""1259"",""1.17"",""12.9"",""21.6"",""29.6"",""13.6"""
"USC00110072,""ALEDO, IL US"",""1980-03"",""0"",""0"",""7"",""6"",,""4"",""0"",""23"",""6"",""0"",""0"",""1"",,""4.0"",""0.61"",""59"",""5716"",""929"",""1.64"",""10.0"",""35.0"",""44.7"",""25.4"""
"USC00110072,""ALEDO, IL US"",""1980-04"",""13"",""13"",""9"",""6"",""1"",""3"",""0"",""12"",""0"",""7"",""1"",""27"",""4"",""4.5"",""0.47"",""90"",""6177"",""461"",""1.95"",""7.0"",""50.1"",""62.1"",""38.1"""
"USC00110072,""ALEDO, IL US"",""1980-05"",,,""9"",""4"",""0"",""0"",,,""0"",""23"",""0"",,""0"",""0.0"",""2.86"",""89"",,,""4.38"",""0.0"",,""76.1"","
"USC00110072,""ALEDO, IL US"",""1980-06"",,""182"",""7"",""6"",""0"",""0"",""0"",""0"",""0"",""29"",""3"",""46"",""0"",""0.0"",""1.47"",""93"",,""15"",""5.07"",""0.0"",""70.6"",""82.0"",""59.1"""
"USC00110072,""ALEDO, IL US"",""1980-07"",,""405"",""9"",""7"",""0"",""0"",""0"",""0"",""0"",""31"",""18"",""58"",""0"",""0.0"",""1.42"",""98"",""0"",""0"",""5.93"",""0.0"",""78.0"",""89.7"",""66.4"""
"USC00110072,""ALEDO, IL US"",""1980-08"",,""351"",""11"",""9"",""0"",""0"",""0"",""0"",""0"",""31"",""10"",""59"",""0"",""0.0"",""2.84"",""94"",""0"",""0"",""10.73"",""0.0"",""76.3"",""87.2"",""65.5"""
"USC00110072,""ALEDO, IL US"",""1980-09"",,""138"",""9"",""8"",""0"",""0"",""0"",""0"",""0"",""25"",""2"",""36"",""0"",""0.0"",""1.78"",""94"",""74"",""74"",""4.52"",""0.0"",""67.1"",""79.1"",""55.1"""
"USC00110072,""ALEDO, IL US"",""1980-10"",,""5"",""4"",""3"",""0"",""0"",""0"",""9"",""0"",""8"",""0"",""21"",""0"",""0.5"",""0.51"",""83"",""525"",""450"",""1.23"",""0.5"",""50.6"",""62.4"",""38.9"""
"USC00110072,""ALEDO, IL US"",""1980-11"",,""0"",""4"",""3"",""0"",""1"",""0"",""20"",""0"",""1"",""0"",""17"",""0"",""1.0"",""0.40"",""73"",""1268"",""743"",""0.96"",""1.0"",""40.2"",""50.2"",""30.3"""
"USC00110072,""ALEDO, IL US"",""1980-12"",,""0"",""5"",""5"",,""2"",""2"",""29"",""11"",""0"",""0"",""-9"",,""2.0"",""0.55"",""61"",""2411"",""1142"",""1.08"",""3.7"",""28.1"",""36.0"",""20.3"""
"USC00110072,""ALEDO, IL US"",""1981-01"",""0"",""0"",""2"",""0"",,""1"",""3"",""29"",""14"",""0"",""0"",""-3"",,""3.0"",""0.04"",""62"",""3641"",""1230"",""0.07"",""3.7"",""25.3"",""35.2"",""15.4"""
"USC00110072,""ALEDO, IL US"",""1981-02"",""0"",""0"",""6"",""4"",,""2"",""6"",""19"",""10"",""0"",""0"",""-13"",,""4.0"",""0.40"",""63"",""4623"",""982"",""0.94"",""7.7"",""29.9"",""40.5"",""19.3"""
"USC00110072,""ALEDO, IL US"",""1981-03"",""0"",""0"",""2"",""1"",""0"",""0"",""0"",""21"",""0"",""3"",""0"",""17"",""0"",""0.0"",""0.23"",""81"",""5371"",""748"",""0.30"",""0.0"",""40.9"",""52.7"",""29.0"""
"USC00110072,""ALEDO, IL US"",""1981-04"",""20"",""20"",""13"",""12"",""0"",""0"",""0"",""3"",""0"",""13"",""0"",""26"",""0"",""0.0"",""1.42"",""86"",""5651"",""280"",""5.79"",""0.0"",""56.3"",""68.4"",""44.2"""
"USC00110072,""ALEDO, IL US"",""1981-05"",""50"",""30"",""8"",""7"",""0"",""0"",""0"",""0"",""0"",""18"",""0"",""34"",""0"",""0.0"",""0.59"",""86"",""5859"",""208"",""2.40"",""0.0"",""59.3"",""70.6"",""47.9"""
"USC00110072,""ALEDO, IL US"",""1981-06"",""268"",""218"",""12"",""9"",""0"",""0"",""0"",""0"",""0"",""30"",""1"",""49"",""0"",""0.0"",""1.84"",""90"",""5860"",""0"",""6.59"",""0.0"",""72.3"",""82.7"",""61.8"""
"USC00110072,""ALEDO, IL US"",""1981-07"",""541"",""272"",""8"",""7"",""0"",""0"",""0"",""0"",""0"",""28"",""3"",""50"",""0"",""0.0"",""1.45"",""95"",""11"",""11"",""4.76"",""0.0"",""73.7"",""82.9"",""64.5"""
"USC00110072,""ALEDO, IL US"",""1981-08"",""761"",""220"",""12"",""9"",""0"",""0"",""0"",""0"",""0"",""31"",""0"",""49"",""0"",""0.0"",""2.20"",""89"",""16"",""6"",""6.08"",""0.0"",""71.9"",""82.2"",""61.6"""
"USC00110072,""ALEDO, IL US"",""1981-09"",""826"",""65"",""6"",""6"",""0"",""0"",""0"",""0"",""0"",""24"",""0"",""38"",""0"",""0.0"",""0.85"",""88"",""99"",""83"",""2.91"",""0.0"",""64.4"",""76.0"",""52.8"""
"USC00110072,""ALEDO, IL US"",""1981-10"",""827"",""1"",""11"",""6"",""0"",""0"",""0"",""4"",""0"",""8"",""0"",""21"",""0"",""0.0"",""1.53"",""83"",""488"",""389"",""4.09"",""0.0"",""52.5"",""63.2"",""41.7"""
"USC00110072,""ALEDO, IL US"",""1981-11"",""827"",""0"",""10"",""7"",""1"",""1"",""0"",""14"",""1"",""0"",""0"",""16"",""1"",""1.5"",""0.42"",""64"",""1158"",""669"",""2.03"",""1.5"",""42.7"",""50.8"",""34.5"""
"USC00110072,""ALEDO, IL US"",""1981-12"",""827"",""0"",""6"",""4"",,""3"",""4"",""29"",""12"",""0"",""0"",""-3"",,""2.5"",""0.29"",""52"",""2364"",""1206"",""0.76"",""5.7"",""26.1"",""33.0"",""19.2"""
"USC00110072,""ALEDO, IL US"",""1982-01"",""0"",""0"",""11"",""7"",,""3"",""13"",""30"",""22"",""0"",""0"",""-23"",,""3.5"",""0.37"",""39"",""3950"",""1586"",""1.41"",""9.1"",""12.4"",""22.5"",""2.3"""
"USC00110072,""ALEDO, IL US"",""1982-02"",""0"",""0"",""5"",""2"",,""2"",""5"",""25"",""13"",""0"",""0"",""-14"",,""3.0"",""0.15"",""52"",""5075"",""1125"",""0.37"",""6.3"",""23.6"",""31.8"",""15.4"""
"USC00110072,""ALEDO, IL US"",""1982-03"",""0"",""0"",""10"",""8"",,""2"",""0"",""20"",""7"",""0"",""0"",""2"",,""3.5"",""1.11"",""68"",""5993"",""918"",""2.91"",""6.4"",""35.4"",""44.5"",""26.3"""
"USC00110072,""ALEDO, IL US"",""1982-04"",""0"",""0"",""8"",""6"",,""2"",""0"",""10"",""1"",""3"",""0"",""10"",,""7.0"",""1.72"",""77"",""6558"",""565"",""2.95"",""11.1"",""46.2"",""57.6"",""34.8"""
"USC00110072,""ALEDO, IL US"",""1982-05"",""100"",""100"",""16"",""11"",""0"",""0"",""0"",""0"",""0"",""25"",""0"",""43"",""0"",""0.0"",""1.12"",""86"",""6605"",""47"",""5.92"",""0.0"",""66.8"",""77.8"",""55.8"""
"USC00110072,""ALEDO, IL US"",""1982-06"",""192"",""92"",""11"",""7"",""0"",""0"",""0"",""0"",""0"",""26"",""0"",""45"",""0"",""0.0"",""1.13"",""88"",""6644"",""39"",""3.76"",""0.0"",""66.7"",""77.4"",""56.1"""
"USC00110072,""ALEDO, IL US"",""1982-07"",""507"",""315"",""13"",""13"",""0"",""0"",""0"",""0"",""0"",""31"",""5"",""52"",""0"",""0.0"",""3.02"",""92"",""0"",""0"",""12.51"",""0.0"",""75.2"",""85.3"",""65.1"""
"USC00110072,""ALEDO, IL US"",""1982-08"",""703"",""195"",""10"",""7"",""0"",""0"",""0"",""0"",""0"",""30"",""3"",""48"",""0"",""0.0"",""2.56"",""94"",""16"",""16"",""6.76"",""0.0"",""70.8"",""80.8"",""60.8"""
"USC00110072,""ALEDO, IL US"",""1982-09"",""802"",""99"",""6"",""3"",""0"",""0"",""0"",""0"",""0"",""19"",""0"",""38"",""0"",""0.0"",""1.40"",""87"",""121"",""105"",""3.09"",""0.0"",""64.8"",""75.1"",""54.5"""
"USC00110072,""ALEDO, IL US"",""1982-10"",""835"",""33"",""7"",""7"",""0"",""0"",""0"",""4"",""0"",""10"",""0"",""29"",""0"",""0.0"",""0.87"",""85"",""414"",""293"",""3.04"",""0.0"",""56.1"",""66.9"",""45.2"""
"USC00110072,""ALEDO, IL US"",""1982-11"",""835"",""0"",""9"",""8"",""0"",""0"",""0"",""17"",""4"",""0"",""0"",""12"",""0"",""0.0"",""1.27"",""68"",""1151"",""737"",""4.27"",""0.0"",""39.9"",""48.4"",""31.5"""
"USC00110072,""ALEDO, IL US"",""1982-12"",""835"",""0"",""8"",""6"",""0"",""0"",""0"",""24"",""6"",""0"",""0"",""5"",""0"",""0.3"",""2.65"",""63"",""2084"",""933"",""4.80"",""0.3"",""34.9"",""41.8"",""28.0"""
"USC00110072,""ALEDO, IL US"",""1983-01"",""0"",""0"",""7"",""0"",""2"",""1"",""0"",""30"",""14"",""0"",""0"",""5"",""1"",""1.0"",""0.08"",""46"",""3261"",""1178"",""0.28"",""2.9"",""27.0"",""33.4"",""20.6"""
"USC00110072,""ALEDO, IL US"",""1983-02"",""0"",""0"",""6"",""4"",,""4"",""2"",""23"",""6"",""0"",""0"",""-3"",,""3.0"",""0.58"",""67"",""4168"",""907"",""1.08"",""8.0"",""32.6"",""40.5"",""24.7"""
"USC00110072,""ALEDO, IL US"",""1983-03"",""0"",""0"",""10"",""7"",""3"",""3"",""0"",""16"",""4"",""1"",""0"",""15"",""4"",""4.0"",""0.55"",""75"",""4949"",""781"",""1.78"",""7.3"",""39.8"",""47.7"",""31.9"""
"USC00110072,""ALEDO, IL US"",""1983-04"",""0"",""0"",""10"",""6"",""0"",""0"",""0"",""10"",""0"",""4"",""0"",""22"",""0"",""0.0"",""1.53"",""80"",""5522"",""573"",""3.43"",""0.0"",""45.9"",""55.1"",""36.8"""
"USC00110072,""ALEDO, IL US"",""1983-05"",""15"",""14"",""16"",""10"",""0"",""0"",""0"",""1"",""0"",""18"",""0"",""31"",""0"",""0.0"",""0.26"",""82"",""5716"",""193"",""1.84"",""0.0"",""59.2"",""70.2"",""48.3"""
"USC00110072,""ALEDO, IL US"",""1983-06"",""273"",""259"",""9"",""7"",""0"",""0"",""0"",""0"",""0"",""29"",""7"",""47"",""0"",""0.0"",""1.63"",""96"",""5728"",""12"",""3.31"",""0.0"",""73.2"",""85.2"",""61.3"""
"USC00110072,""ALEDO, IL US"",""1983-07"",,,""4"",""1"",""0"",""0"",,,""0"",""31"",""22"",,""0"",""0.0"",""0.70"",""103"",,,""0.89"",""0.0"",,""91.7"","
"USC00110072,""ALEDO, IL US"",""1983-08"",,""480"",""5"",""5"",""0"",""0"",""0"",""0"",""0"",""31"",""24"",""54"",""0"",""0.0"",""0.47"",""102"",,""0"",""1.15"",""0.0"",""80.5"",""93.2"",""67.8"""
"USC00110072,""ALEDO, IL US"",""1983-09"",,,""9"",""6"",""0"",""0"",,,""0"",""24"",""6"",,""0"",""0.0"",""2.04"",""95"",,,""6.19"",""0.0"",,""79.2"","
"USC00110072,""ALEDO, IL US"",""1983-10"",,""0"",""8"",""4"",""0"",""0"",""0"",""0"",""0"",""11"",""0"",""33"",""0"",""0.0"",""1.58"",""85"",,""306"",""3.24"",""0.0"",""54.6"",""64.7"",""44.5"""
"USC00110072,""ALEDO, IL US"",""1983-11"",,""0"",""11"",""8"",""1"",""0"",""0"",""13"",""2"",""0"",""0"",""19"",""1"",""0.5"",""0.98"",""67"",,""628"",""3.60"",""0.5"",""43.2"",""50.6"",""35.8"""
"USC00110072,""ALEDO, IL US"",""1983-12"",,""0"",""11"",""7"",,""6"",""12"",""31"",""24"",""0"",""0"",""-20"",,""4.0"",""0.39"",""38"",,""1591"",""1.78"",""18.0"",""13.7"",""20.7"",""6.6"""
"USC00110072,""ALEDO, IL US"",""1984-01"",""0"",""0"",""5"",""2"",,,""6"",""30"",""19"",""0"",""0"",""-15"",,,""0.18"",""48"",,""1353"",""0.49"",,""21.4"",""29.4"",""13.4"""
"USC00110072,""ALEDO, IL US"",""1984-02"",""0"",""0"",""4"",""3"",,,""2"",""17"",""3"",""0"",""0"",""-10"",,,""0.31"",""63"",,""856"",""0.68"",,""35.5"",""44.0"",""27.0"""
"USC00110072,""ALEDO, IL US"",""1984-03"",""0"",""0"",""9"",""6"",,""2"",""0"",""26"",""9"",""0"",""0"",""5"",,""3.7"",""0.25"",""56"",,""1011"",""1.28"",""6.7"",""31.4"",""38.6"",""24.3"""
"USC00110072,""ALEDO, IL US"",""1984-04"",""15"",""15"",""12"",""10"",""0"",""0"",""0"",""0"",""0"",""3"",""0"",""34"",""0"",""0.0"",""1.17"",""83"",,""452"",""4.22"",""0.0"",""49.9"",""58.5"",""41.3"""
"USC00110072,""ALEDO, IL US"",""1984-05"",""46"",""30"",""7"",""6"",""0"",""0"",""0"",""0"",""0"",""19"",""0"",""37"",""0"",""0.0"",""1.35"",""87"",,""198"",""4.08"",""0.0"",""59.6"",""71.1"",""48.1"""
"USC00110072,""ALEDO, IL US"",""1984-06"",""316"",""270"",""7"",""4"",""0"",""0"",""0"",""0"",""0"",""30"",""2"",""52"",""0"",""0.0"",""1.70"",""92"",,""0"",""4.28"",""0.0"",""74.0"",""84.7"",""63.4"""
"USC00110072,""ALEDO, IL US"",""1984-07"",""588"",""272"",""7"",""5"",""0"",""0"",""0"",""0"",""0"",""31"",""8"",""50"",""0"",""0.0"",""1.81"",""99"",""2"",""2"",""3.85"",""0.0"",""73.7"",""84.9"",""62.5"""
"USC00110072,""ALEDO, IL US"",""1984-08"",""922"",""334"",""5"",""4"",""0"",""0"",""0"",""0"",""0"",""31"",""13"",""48"",""0"",""0.0"",""0.47"",""97"",""6"",""4"",""1.38"",""0.0"",""75.6"",""87.7"",""63.6"""
"USC00110072,""ALEDO, IL US"",""1984-09"",""1065"",""143"",""7"",""4"",""0"",""0"",""0"",""3"",""0"",""22"",""4"",""30"",""0"",""0.0"",""0.40"",""97"",""142"",""137"",""1.34"",""0.0"",""65.2"",""76.7"",""53.7"""
"USC00110072,""ALEDO, IL US"",""1984-10"",""1076"",""10"",""13"",""10"",""0"",""0"",""0"",""2"",""0"",""16"",""0"",""29"",""0"",""0.0"",""1.45"",""78"",""410"",""267"",""6.08"",""0.0"",""56.7"",""67.0"",""46.5"""
"USC00110072,""ALEDO, IL US"",""1984-11"",""1076"",""0"",""3"",""2"",""0"",""0"",""0"",""18"",""0"",""1"",""0"",""16"",""0"",""0.0"",""1.25"",""74"",""1133"",""723"",""1.65"",""0.0"",""40.9"",""50.6"",""31.2"""
"USC00110072,""ALEDO, IL US"",""1984-12"",""1076"",""0"",""11"",""5"",""4"",""0"",""1"",""26"",""10"",""0"",""0"",""0"",""1"",""0.6"",""0.39"",""66"",""2125"",""992"",""1.23"",""1.4"",""32.1"",""40.4"",""23.7"""
"USC00110072,""ALEDO, IL US"",""1985-01"",""0"",""0"",""7"",""2"",,""6"",""10"",""31"",""26"",""0"",""0"",""-23"",,""8.4"",""0.37"",""37"",""3660"",""1535"",""0.79"",""17.9"",""15.5"",""24.5"",""6.4"""
"USC00110072,""ALEDO, IL US"",""1985-02"",""0"",""0"",""6"",""4"",,""2"",""6"",""22"",""15"",""0"",""0"",""-10"",,""3.8"",""0.87"",""52"",""4767"",""1108"",""1.54"",""5.9"",""23.7"",""31.3"",""16.1"""
"USC00110072,""ALEDO, IL US"",""1985-03"",""0"",""0"",""11"",""7"",""0"",""0"",""0"",""15"",""1"",""2"",""0"",""18"",""0"",""0.0"",""1.13"",""80"",""5445"",""677"",""3.96"",""0.0"",""43.2"",""52.6"",""33.8"""
"USC00110072,""ALEDO, IL US"",""1985-04"",""53"",""53"",""6"",""3"",""0"",""0"",""0"",""5"",""0"",""17"",""0"",""25"",""0"",""0.0"",""0.50"",""88"",""5730"",""285"",""1.05"",""0.0"",""57.1"",""69.1"",""45.2"""
"USC00110072,""ALEDO, IL US"",""1985-05"",""133"",""80"",""9"",""6"",""0"",""0"",""0"",""0"",""0"",""27"",""2"",""40"",""0"",""0.0"",""1.00"",""93"",""5800"",""70"",""2.53"",""0.0"",""65.3"",""77.0"",""53.7"""
"USC00110072,""ALEDO, IL US"",""1985-06"",""294"",""161"",""7"",""5"",""0"",""0"",""0"",""0"",""0"",""27"",""4"",""48"",""0"",""0.0"",""0.36"",""93"",""5820"",""21"",""1.22"",""0.0"",""69.8"",""81.2"",""58.4"""
"USC00110072,""ALEDO, IL US"",""1985-07"",""616"",""321"",""9"",""8"",""0"",""0"",""0"",""0"",""0"",""31"",""9"",""54"",""0"",""0.0"",""0.50"",""94"",""0"",""0"",""2.52"",""0.0"",""75.4"",""86.8"",""63.9"""
"USC00110072,""ALEDO, IL US"",""1985-08"",""808"",""192"",""8"",""4"",""0"",""0"",""0"",""0"",""0"",""31"",""3"",""50"",""0"",""0.0"",""0.70"",""94"",""6"",""6"",""1.60"",""0.0"",""71.0"",""81.8"",""60.2"""
"USC00110072,""ALEDO, IL US"",""1985-09"",""985"",""178"",""7"",""6"",""0"",""0"",""0"",""0"",""0"",""23"",""6"",""36"",""0"",""0.0"",""0.62"",""97"",""126"",""120"",""1.97"",""0.0"",""66.9"",""77.5"",""56.4"""
"USC00110072,""ALEDO, IL US"",""1985-10"",""985"",""0"",""11"",""9"",""0"",""0"",""0"",""1"",""0"",""8"",""0"",""32"",""0"",""0.0"",""1.79"",""76"",""437"",""311"",""5.89"",""0.0"",""54.9"",""64.4"",""45.5"""
"USC00110072,""ALEDO, IL US"",""1985-11"",""985"",""0"",""16"",""12"",,""1"",""0"",""19"",""7"",""0"",""0"",""10"",,""2.0"",""1.44"",""61"",""1314"",""877"",""5.56"",""2.4"",""35.8"",""42.4"",""29.1"""
"USC00110072,""ALEDO, IL US"",""1985-12"",""985"",""0"",""5"",""4"",,""3"",""10"",""31"",""18"",""0"",""0"",""-15"",,""4.5"",""1.45"",""40"",""2792"",""1478"",""2.08"",""10.3"",""16.1"",""25.3"",""6.8"""
"USC00110072,""ALEDO, IL US"",""1986-01"",""0"",""0"",""3"",""0"",,""1"",""4"",""29"",""10"",""0"",""0"",""-9"",,""1.0"",""0.07"",""52"",""3997"",""1205"",""0.16"",""1.9"",""26.1"",""34.2"",""18.0"""
"USC00110072,""ALEDO, IL US"",""1986-02"",""0"",""0"",""8"",""4"",,""3"",""6"",""26"",""13"",""0"",""0"",""-8"",,""5.0"",""0.32"",""48"",""5123"",""1125"",""1.26"",""9.5"",""23.5"",""30.0"",""17.0"""
"USC00110072,""ALEDO, IL US"",""1986-03"",""15"",""15"",""7"",""2"",""0"",""0"",""0"",""14"",""2"",""6"",""0"",""10"",""0"",""0.2"",""0.58"",""87"",""5807"",""684"",""1.12"",""0.3"",""43.4"",""53.4"",""33.4"""
"USC00110072,""ALEDO, IL US"",""1986-04"",""48"",""33"",""9"",""5"",""0"",""0"",""0"",""3"",""0"",""13"",""1"",""25"",""0"",""0.1"",""1.25"",""91"",""6109"",""302"",""2.76"",""0.1"",""56.0"",""69.3"",""42.8"""
"USC00110072,""ALEDO, IL US"",""1986-05"",""112"",""64"",""12"",""7"",""0"",""0"",""0"",""0"",""0"",""24"",""0"",""38"",""0"",""0.0"",""2.10"",""86"",""6207"",""98"",""4.28"",""0.0"",""63.9"",""74.3"",""53.5"""
"USC00110072,""ALEDO, IL US"",""1986-06"",""369"",""258"",""9"",""6"",""0"",""0"",""0"",""0"",""0"",""30"",""6"",""45"",""0"",""0.0"",""1.44"",""94"",""6215"",""7"",""4.08"",""0.0"",""73.3"",""84.0"",""62.6"""
"USC00110072,""ALEDO, IL US"",""1986-10"",,""4"",""8"",""7"",,""0"",""0"",""2"",""0"",""8"",""0"",""30"",,""0.0"",""1.43"",""76"",,""337"",""4.28"",""0.0"",""53.9"",""64.4"",""43.5"""
"USC00110072,""ALEDO, IL US"",""1986-11"",,""0"",""6"",""1"",""1"",""0"",""0"",""23"",""3"",""0"",""0"",""4"",""1"",""0.0"",""0.43"",""62"",,""870"",""0.75"",""0.0"",""36.0"",""44.8"",""27.2"""
"USC00110072,""ALEDO, IL US"",""1986-12"",,""0"",""4"",""4"",""0"",""0"",""1"",""28"",""1"",""0"",""0"",""0"",""0"",""0.0"",""0.48"",""47"",,""1047"",""1.20"",""0.0"",""31.2"",""38.2"",""24.2"""
"USC00110072,""ALEDO, IL US"",""1987-01"",""0"",""0"",""6"",""3"",,""4"",""3"",""28"",""10"",""0"",""0"",""-4"",,""4.0"",""0.24"",""48"",,""1142"",""0.69"",""8.4"",""26.8"",""35.3"",""18.3"""
"USC00110072,""ALEDO, IL US"",""1987-02"",""0"",""0"",""1"",""1"",""0"",""0"",""0"",""25"",""1"",""0"",""0"",""14"",""0"",""0.0"",""0.44"",""57"",,""765"",""0.44"",""0.0"",""35.3"",""46.0"",""24.7"""
"USC00110072,""ALEDO, IL US"",""1987-03"",""0"",""0"",""7"",""5"",""0"",""0"",""0"",""14"",""1"",""3"",""0"",""17"",""0"",""0.0"",""0.81"",""75"",,""604"",""2.57"",""0.0"",""43.6"",""53.9"",""33.3"""
"USC00110072,""ALEDO, IL US"",""1987-04"",""20"",""20"",""7"",""4"",""0"",""0"",""0"",""4"",""0"",""13"",""1"",""21"",""0"",""0.0"",""0.50"",""91"",,""306"",""1.58"",""0.0"",""54.6"",""66.9"",""42.4"""
"USC00110072,""ALEDO, IL US"",""1987-05"",""185"",""165"",""5"",""4"",""0"",""0"",""0"",""0"",""0"",""24"",""2"",""38"",""0"",""0.0"",""1.03"",""90"",,""65"",""2.13"",""0.0"",""68.1"",""81.4"",""54.9"""
"USC00110072,""ALEDO, IL US"",""1987-06"",""462"",""277"",""7"",""5"",""0"",""0"",""0"",""0"",""0"",""28"",""9"",""48"",""0"",""0.0"",""3.12"",""100"",,""4"",""3.91"",""0.0"",""74.7"",""85.9"",""63.6"""
"USC00110072,""ALEDO, IL US"",""1987-07"",""871"",""409"",""4"",""3"",""0"",""0"",""0"",""0"",""0"",""31"",""17"",""51"",""0"",""0.0"",""0.21"",""99"",""0"",""0"",""0.59"",""0.0"",""78.2"",""89.7"",""66.7"""
"USC00110072,""ALEDO, IL US"",""1987-08"",""1140"",""268"",""8"",""7"",""0"",""0"",""0"",""0"",""0"",""27"",""8"",""48"",""0"",""0.0"",""1.67"",""102"",""21"",""21"",""6.78"",""0.0"",""73.4"",""83.8"",""63.0"""
"USC00110072,""ALEDO, IL US"",""1987-09"",""1207"",""67"",""5"",""5"",""0"",""0"",""0"",""0"",""0"",""24"",""0"",""44"",""0"",""0.0"",""0.89"",""87"",""95"",""74"",""2.01"",""0.0"",""64.7"",""76.3"",""53.2"""
"USC00110072,""ALEDO, IL US"",""1987-10"",""1207"",""0"",""4"",""2"",""0"",""0"",""0"",""8"",""0"",""5"",""0"",""24"",""0"",""0.0"",""0.36"",""80"",""587"",""492"",""0.83"",""0.0"",""49.1"",""60.9"",""37.3"""
"USC00110072,""ALEDO, IL US"",""1987-11"",""1209"",""2"",""8"",""6"",""0"",""0"",""0"",""13"",""0"",""2"",""0"",""16"",""0"",""0.0"",""1.54"",""76"",""1162"",""575"",""3.96"",""0.0"",""44.5"",""52.3"",""36.6"""
"USC00110072,""ALEDO, IL US"",""1987-12"",""1209"",""0"",""9"",""7"",""8"",""3"",""0"",""26"",""6"",""0"",""0"",""4"",""9"",""6.5"",""2.70"",""52"",""2196"",""1035"",""5.75"",""9.6"",""30.7"",""36.8"",""24.7"""
"USC00110072,""ALEDO, IL US"",""1988-01"",""0"",""0"",""6"",""4"",""6"",,""9"",""26"",""14"",""0"",""0"",""-12"",""3"",,""0.90"",""57"",""3417"",""1221"",""1.96"",,""21.2"",""30.8"",""11.6"""
"USC00110072,""ALEDO, IL US"",""1988-02"",""0"",""0"",""4"",""3"",""16"",""3"",""6"",""29"",""15"",""0"",""0"",""-12"",""9"",""4.8"",""0.70"",""59"",""4659"",""1242"",""1.12"",""9.7"",""22.2"",""32.2"",""12.2"""
"USC00110072,""ALEDO, IL US"",""1988-03"",""0"",""0"",""5"",""4"",""0"",""0"",""0"",""23"",""3"",""3"",""0"",""16"",""0"",""0.0"",""0.92"",""75"",""5422"",""763"",""2.32"",""0.0"",""40.4"",""51.4"",""29.3"""
"USC00110072,""ALEDO, IL US"",""1988-04"",""1"",""1"",""4"",""4"",""0"",""0"",""0"",""5"",""0"",""12"",""0"",""26"",""0"",""0.0"",""0.48"",""80"",""5796"",""373"",""1.07"",""0.0"",""52.6"",""66.4"",""38.8"""
"USC00110072,""ALEDO, IL US"",""1988-05"",""88"",""87"",""3"",""3"",""0"",""0"",""0"",""0"",""0"",""30"",""1"",""38"",""0"",""0.0"",""0.75"",""91"",""5852"",""57"",""1.50"",""0.0"",""66.0"",""80.5"",""51.4"""
"USC00110072,""ALEDO, IL US"",""1988-06"",""385"",""297"",""4"",""2"",""0"",""0"",""0"",""0"",""0"",""30"",""14"",""46"",""0"",""0.0"",""0.73"",""103"",""5864"",""11"",""0.97"",""0.0"",""74.5"",""88.5"",""60.5"""
"USC00110072,""ALEDO, IL US"",""1988-07"",""807"",""422"",""5"",""3"",""0"",""0"",""0"",""0"",""0"",""31"",""25"",""49"",""0"",""0.0"",""0.58"",""102"",""0"",""0"",""1.04"",""0.0"",""78.6"",""92.4"",""64.8"""
"USC00110072,""ALEDO, IL US"",""1988-08"",""1225"",""418"",""8"",""4"",""0"",""0"",""0"",""0"",""0"",""31"",""16"",""47"",""0"",""0.0"",""1.49"",""101"",""6"",""6"",""4.03"",""0.0"",""78.3"",""89.9"",""66.6"""
"USC00110072,""ALEDO, IL US"",""1988-09"",""1349"",""124"",""4"",""3"",""0"",""0"",""0"",""0"",""0"",""29"",""1"",""43"",""0"",""0.0"",""1.03"",""92"",""37"",""31"",""1.84"",""0.0"",""68.1"",""80.8"",""55.5"""
"USC00110072,""ALEDO, IL US"",""1988-10"",""1352"",""2"",""6"",""4"",""0"",""0"",""0"",""13"",""0"",""5"",""0"",""18"",""0"",""0.0"",""0.57"",""76"",""541"",""504"",""1.26"",""0.0"",""48.3"",""59.0"",""37.6"""
"USC00110072,""ALEDO, IL US"",""1988-11"",""1352"",""0"",""9"",""8"",""0"",""0"",""0"",""15"",""2"",""0"",""0"",""17"",""0"",""0.0"",""0.53"",""66"",""1271"",""730"",""3.09"",""0.0"",""40.7"",""49.6"",""31.7"""
"USC00110072,""ALEDO, IL US"",""1988-12"",""1352"",""0"",""4"",""2"",""1"",""1"",""1"",""27"",""11"",""0"",""0"",""0"",""1"",""1.0"",""0.89"",""57"",""2349"",""1078"",""1.09"",""1.3"",""29.1"",""38.2"",""19.9"""
"USC00110072,""ALEDO, IL US"",""1989-01"",""0"",""0"",""4"",""3"",""0"",""0"",""0"",""27"",""1"",""0"",""0"",""5"",""0"",""0.0"",""0.39"",""69"",""3330"",""980"",""0.99"",""0.0"",""33.4"",""41.4"",""25.3"""
"USC00110072,""ALEDO, IL US"",""1989-02"",""0"",""0"",""7"",""5"",""26"",""5"",""7"",""28"",""21"",""0"",""0"",""-8"",""5"",""3.0"",""0.31"",""50"",""4652"",""1322"",""1.13"",""10.5"",""17.8"",""26.0"",""9.6"""
"USC00110072,""ALEDO, IL US"",""1989-03"",""5"",""5"",""5"",""3"",""4"",""1"",""0"",""20"",""6"",""4"",""0"",""5"",""2"",""2.0"",""0.49"",""80"",""5459"",""807"",""1.32"",""2.0"",""38.4"",""48.0"",""28.8"""
"USC00110072,""ALEDO, IL US"",""1989-04"",""18"",""13"",""10"",""5"",""0"",""0"",""0"",""7"",""0"",""10"",""0"",""24"",""0"",""0.0"",""1.69"",""87"",""5850"",""391"",""3.02"",""0.0"",""51.6"",""63.1"",""40.2"""
"USC00110072,""ALEDO, IL US"",""1989-05"",""76"",""58"",""10"",""9"",""0"",""0"",""0"",""2"",""0"",""18"",""0"",""31"",""0"",""0.0"",""0.32"",""89"",""6057"",""207"",""1.94"",""0.0"",""60.2"",""71.8"",""48.6"""
"USC00110072,""ALEDO, IL US"",""1989-06"",""250"",""174"",""7"",""6"",""0"",""0"",""0"",""0"",""0"",""29"",""3"",""45"",""0"",""0.0"",""1.49"",""91"",""6081"",""24"",""3.46"",""0.0"",""70.0"",""81.1"",""58.8"""
"USC00110072,""ALEDO, IL US"",""1989-07"",""584"",""334"",""5"",""4"",""0"",""0"",""0"",""0"",""0"",""30"",""10"",""55"",""0"",""0.0"",""0.45"",""98"",""0"",""0"",""1.35"",""0.0"",""76.3"",""87.0"",""65.7"""
"USC00110072,""ALEDO, IL US"",""1989-08"",""850"",""266"",""10"",""9"",""0"",""0"",""0"",""0"",""0"",""31"",""4"",""47"",""0"",""0.0"",""6.27"",""96"",""2"",""2"",""9.63"",""0.0"",""73.5"",""85.1"",""61.9"""
"USC00110072,""ALEDO, IL US"",""1989-09"",""899"",""49"",""7"",""5"",""0"",""0"",""0"",""1"",""0"",""23"",""0"",""31"",""0"",""0.0"",""2.34"",""82"",""108"",""106"",""6.00"",""0.0"",""62.5"",""74.5"",""50.4"""
"USC00110072,""ALEDO, IL US"",""1989-10"",""913"",""15"",""4"",""4"",""0"",""0"",""0"",""4"",""0"",""13"",""0"",""28"",""0"",""0.0"",""1.00"",""84"",""426"",""318"",""1.62"",""0.0"",""54.8"",""66.3"",""43.2"""
"USC00110072,""ALEDO, IL US"",""1989-11"",""913"",""0"",""4"",""1"",""0"",""0"",""0"",""18"",""3"",""2"",""0"",""6"",""0"",""0.0"",""0.12"",""75"",""1197"",""771"",""0.15"",""0.0"",""39.3"",""50.3"",""28.2"""
"USC00110072,""ALEDO, IL US"",""1989-12"",""913"",""0"",""7"",""2"",""20"",""4"",""12"",""30"",""19"",""0"",""0"",""-20"",""7"",""3.1"",""0.21"",""58"",""2700"",""1502"",""0.62"",""8.4"",""16.5"",""26.0"",""7.1"""
"USC00110072,""ALEDO, IL US"",""1990-01"",""0"",""0"",""7"",""4"",""4"",""1"",""0"",""28"",""2"",""0"",""0"",""10"",""3"",""4.0"",""0.52"",""57"",""3661"",""962"",""1.51"",""4.0"",""34.0"",""42.9"",""25.1"""
"USC00110072,""ALEDO, IL US"",""1990-02"",""0"",""0"",""7"",""3"",""7"",""1"",""0"",""24"",""5"",""0"",""0"",""4"",""4"",""6.0"",""0.91"",""67"",""4499"",""838"",""1.77"",""6.0"",""32.9"",""42.3"",""23.5"""
"USC00110072,""ALEDO, IL US"",""1990-03"",""6"",""6"",""8"",""8"",""0"",""0"",""0"",""15"",""1"",""3"",""0"",""21"",""0"",""0.0"",""1.78"",""80"",""5177"",""678"",""5.67"",""0.0"",""43.3"",""52.3"",""34.4"""
"USC00110072,""ALEDO, IL US"",""1990-04"",""33"",""27"",""8"",""5"",""0"",""0"",""0"",""7"",""0"",""8"",""0"",""20"",""0"",""0.0"",""0.94"",""86"",""5650"",""473"",""2.83"",""0.0"",""50.1"",""61.7"",""38.6"""
"USC00110072,""ALEDO, IL US"",""1990-05"",""41"",""8"",""10"",""10"",""0"",""0"",""0"",""0"",""0"",""15"",""0"",""37"",""0"",""0.0"",""2.01"",""80"",""5851"",""202"",""7.46"",""0.0"",""58.5"",""68.4"",""48.6"""
"USC00110072,""ALEDO, IL US"",""1990-06"",""259"",""218"",""11"",""9"",""0"",""0"",""0"",""0"",""0"",""27"",""1"",""47"",""0"",""0.0"",""2.88"",""90"",""5871"",""20"",""9.69"",""0.0"",""71.6"",""81.6"",""61.6"""
"USC00110072,""ALEDO, IL US"",""1990-07"",""535"",""276"",""9"",""8"",""0"",""0"",""0"",""0"",""0"",""28"",""5"",""56"",""0"",""0.0"",""1.19"",""96"",""5"",""5"",""5.54"",""0.0"",""74.1"",""83.5"",""64.7"""
"USC00110072,""ALEDO, IL US"",""1990-08"",""801"",""266"",""8"",""7"",""0"",""0"",""0"",""0"",""0"",""31"",""5"",""52"",""0"",""0.0"",""0.95"",""94"",""5"",""0"",""2.92"",""0.0"",""73.6"",""83.4"",""63.7"""
"USC00110072,""ALEDO, IL US"",""1990-09"",""963"",""162"",""4"",""4"",""0"",""0"",""0"",""0"",""0"",""25"",""4"",""38"",""0"",""0.0"",""0.55"",""96"",""91"",""86"",""1.22"",""0.0"",""67.5"",""78.9"",""56.2"""
"USC00110072,""ALEDO, IL US"",""1990-10"",""976"",""13"",""6"",""6"",""0"",""0"",""0"",""6"",""0"",""11"",""0"",""26"",""0"",""0.0"",""0.66"",""85"",""476"",""385"",""2.03"",""0.0"",""52.8"",""64.2"",""41.4"""
"USC00110072,""ALEDO, IL US"",""1990-11"",""976"",""0"",""6"",""6"",""0"",""0"",""0"",""12"",""0"",""4"",""0"",""19"",""0"",""0.0"",""0.74"",""75"",""1053"",""577"",""2.57"",""0.0"",""45.8"",""56.3"",""35.3"""
"USC00110072,""ALEDO, IL US"",""1990-12"",""976"",""0"",""5"",""4"",""5"",""1"",""6"",""28"",""12"",""0"",""0"",""-6"",""5"",""5.0"",""1.45"",""54"",""2277"",""1224"",""2.83"",""5.0"",""25.5"",""33.3"",""17.7"""
"USC00110072,""ALEDO, IL US"",""1991-01"",""0"",""0"",""5"",""3"",""28"",""2"",""4"",""31"",""24"",""0"",""0"",""-8"",""6"",""6.0"",""0.49"",""42"",""3699"",""1422"",""1.09"",""8.5"",""19.1"",""27.4"",""10.8"""
"USC00110072,""ALEDO, IL US"",""1991-02"",""0"",""0"",""5"",""1"",""1"",""1"",""1"",""21"",""4"",""0"",""0"",""-3"",""1"",""1.2"",""0.38"",""60"",""4512"",""813"",""0.54"",""2.3"",""32.5"",""40.7"",""24.3"""
"USC00110072,""ALEDO, IL US"",""1991-03"",""0"",""0"",""11"",""11"",""3"",""1"",""0"",""16"",""0"",""4"",""0"",""19"",""3"",""4.1"",""1.59"",""83"",""5138"",""626"",""6.63"",""4.1"",""41.9"",""53.3"",""30.5"""
"USC00110072,""ALEDO, IL US"",""1991-04"",""11"",""11"",""10"",""9"",""0"",""0"",""0"",""2"",""0"",""11"",""0"",""32"",""0"",""0.0"",""0.76"",""82"",""5434"",""295"",""3.14"",""0.0"",""54.9"",""66.6"",""43.1"""
"USC00110072,""ALEDO, IL US"",""1991-05"",""181"",""170"",""9"",""8"",""0"",""0"",""0"",""0"",""0"",""22"",""1"",""35"",""0"",""0.0"",""0.94"",""92"",""5537"",""103"",""4.81"",""0.0"",""67.4"",""77.3"",""57.6"""
"USC00110072,""ALEDO, IL US"",""1991-06"",""457"",""276"",""2"",""1"",""0"",""0"",""0"",""0"",""0"",""30"",""2"",""52"",""0"",""0.0"",""1.35"",""93"",""5537"",""0"",""1.44"",""0.0"",""74.2"",""85.2"",""63.2"""
"USC00110072,""ALEDO, IL US"",""1991-07"",,,""4"",""2"",""0"",""0"",,,""0"",""27"",""9"",,""0"",""0.0"",""0.23"",""96"",,,""0.44"",""0.0"",,""86.3"","
"USC00110072,""ALEDO, IL US"",""1991-08"",,""241"",""5"",""4"",""0"",""0"",""0"",""0"",""0"",""29"",""6"",""56"",""0"",""0.0"",""0.60"",""96"",,""0"",""1.73"",""0.0"",""73.8"",""85.0"",""62.5"""
"USC00110072,""ALEDO, IL US"",""1991-09"",,""96"",""5"",""5"",""0"",""0"",""0"",""0"",""0"",""17"",""2"",""33"",""0"",""0.0"",""0.30"",""91"",,""143"",""1.79"",""0.0"",""63.4"",""75.5"",""51.3"""
"USC00110072,""ALEDO, IL US"",""1991-10"",,""3"",""14"",""8"",""0"",""0"",""0"",""6"",""0"",""10"",""0"",""26"",""0"",""0.0"",""2.02"",""78"",,""401"",""4.74"",""0.0"",""52.2"",""63.6"",""40.7"""
"USC00110072,""ALEDO, IL US"",""1991-11"",,""0"",""11"",""11"",""3"",""3"",""1"",""19"",""8"",""0"",""0"",""0"",""2"",""2.0"",""0.70"",""64"",,""899"",""4.11"",""4.0"",""34.0"",""42.6"",""25.4"""
"USC00110072,""ALEDO, IL US"",""1991-12"",,""0"",""5"",""5"",,""3"",""1"",""28"",""9"",""0"",""0"",""-4"",,""3.0"",""0.62"",""65"",,""1071"",""2.31"",""7.0"",""30.5"",""38.2"",""22.7"""
"USC00110072,""ALEDO, IL US"",""1992-01"",""0"",""0"",""5"",""5"",,""2"",""3"",""26"",""7"",""0"",""0"",""-8"",,""2.0"",""0.50"",""49"",,""1046"",""1.21"",""4.0"",""29.8"",""37.3"",""22.2"""
"USC00110072,""ALEDO, IL US"",""1992-02"",""0"",""0"",""6"",""4"",""1"",""1"",""0"",""22"",""2"",""0"",""0"",""9"",""1"",""1.0"",""0.75"",""59"",,""828"",""1.55"",""1.0"",""35.1"",""42.6"",""27.7"""
"USC00110072,""ALEDO, IL US"",""1992-03"",""0"",""0"",""12"",""4"",""2"",""2"",""0"",""16"",""2"",""2"",""0"",""14"",""2"",""2.0"",""0.16"",""71"",,""653"",""0.99"",""3.0"",""41.0"",""50.6"",""31.3"""
"USC00110072,""ALEDO, IL US"",""1992-04"",""2"",""2"",""9"",""7"",""0"",""0"",""0"",""8"",""0"",""6"",""0"",""24"",""0"",""0.0"",""1.41"",""85"",,""408"",""4.46"",""0.0"",""49.8"",""60.8"",""38.8"""
"USC00110072,""ALEDO, IL US"",""1992-05"",""40"",""37"",""3"",""2"",""0"",""0"",""0"",""0"",""0"",""18"",""0"",""36"",""0"",""0.0"",""0.30"",""86"",,""147"",""0.45"",""0.0"",""60.9"",""72.6"",""49.3"""
"USC00110072,""ALEDO, IL US"",""1992-06"",""166"",""127"",""4"",""3"",""0"",""0"",""0"",""0"",""0"",""27"",""0"",""44"",""0"",""0.0"",""0.44"",""88"",,""20"",""0.99"",""0.0"",""68.5"",""80.3"",""56.6"""
"USC00110072,""ALEDO, IL US"",""1992-07"",""326"",""160"",""17"",""14"",""0"",""0"",""0"",""0"",""0"",""29"",""0"",""56"",""0"",""0.0"",""2.66"",""87"",""0"",""0"",""11.05"",""0.0"",""70.7"",""79.4"",""62.0"""
"USC00110072,""ALEDO, IL US"",""1992-08"",""422"",""95"",""5"",""2"",""0"",""0"",""0"",""0"",""0"",""23"",""1"",""49"",""0"",""0.0"",""0.97"",""90"",""35"",""34"",""1.29"",""0.0"",""67.3"",""77.3"",""57.3"""
"USC00110072,""ALEDO, IL US"",""1992-09"",""479"",""57"",""10"",""8"",""0"",""0"",""0"",""0"",""0"",""14"",""0"",""37"",""0"",""0.0"",""2.00"",""83"",""161"",""126"",""5.90"",""0.0"",""62.1"",""72.0"",""52.2"""
"USC00110072,""ALEDO, IL US"",""1992-10"",""481"",""2"",""5"",""3"",""0"",""0"",""0"",""4"",""0"",""9"",""0"",""22"",""0"",""0.0"",""0.28"",""79"",""511"",""350"",""0.67"",""0.0"",""52.3"",""63.0"",""41.6"""
"USC00110072,""ALEDO, IL US"",""1992-11"",""481"",""0"",""15"",""9"",""0"",""0"",""0"",""15"",""0"",""0"",""0"",""16"",""0"",""0.0"",""0.97"",""56"",""1298"",""787"",""5.72"",""0.0"",""36.9"",""41.8"",""31.9"""
"USC00110072,""ALEDO, IL US"",""1992-12"",""481"",""0"",""8"",""5"",,""0"",""1"",""28"",""8"",""0"",""0"",""-1"",,""0.0"",""1.85"",""45"",""2377"",""1079"",""4.07"",""0.0"",""27.8"",""34.8"",""20.7"""
"USC00110072,""ALEDO, IL US"",""1993-01"",,,""5"",""4"",,""1"",""0"",""28"",,,,""4"",,""2.0"",""0.53"",,,,""1.57"",""2.0"",,,""17.7"""
"USC00110072,""ALEDO, IL US"",""1993-02"",,""0"",""8"",""6"",,""2"",""4"",""27"",""17"",""0"",""0"",""-7"",,""2.0"",""0.44"",""46"",,""1154"",""1.75"",""3.0"",""23.8"",""30.2"",""17.3"""
"USC00110072,""ALEDO, IL US"",""1993-03"",,""0"",""9"",""7"",""4"",""0"",""0"",""21"",""4"",""1"",""0"",""5"",""1"",""0.9"",""1.55"",""71"",,""816"",""3.43"",""1.5"",""34.6"",""41.8"",""27.4"""
"USC00110072,""ALEDO, IL US"",""1993-04"",,""0"",""11"",""8"",""0"",""0"",""0"",""9"",""0"",""4"",""0"",""23"",""0"",""0.0"",""1.26"",""72"",,""465"",""5.53"",""0.0"",""47.6"",""57.4"",""37.8"""
"USC00110072,""ALEDO, IL US"",""1993-05"",,,""13"",""10"",""0"",""0"",""0"",""0"",,,,""39"",""0"",""0.0"",""0.93"",,,,""3.52"",""0.0"",,,""52.6"""
"USC00110072,""ALEDO, IL US"",""1993-06"",,""157"",""12"",""10"",""0"",""0"",""0"",""0"",""0"",""22"",""0"",""42"",""0"",""0.0"",""2.80"",""89"",,""56"",""11.97"",""0.0"",""68.6"",""78.2"",""59.1"""
"USC00110072,""ALEDO, IL US"",""1993-07"",,""212"",""18"",""16"",""0"",""0"",""0"",""0"",""0"",""26"",""0"",""59"",""0"",""0.0"",""3.10"",""89"",""0"",""0"",""10.08"",""0.0"",""73.2"",""81.3"",""65.2"""
"USC00110072,""ALEDO, IL US"",""1993-08"",,""221"",""12"",""12"",""0"",""0"",""0"",""0"",""0"",""29"",""1"",""53"",""0"",""0.0"",""2.70"",""90"",""5"",""5"",""10.35"",""0.0"",""72.9"",""81.1"",""64.8"""
"USC00110072,""ALEDO, IL US"",""1993-09"",,""14"",""6"",""5"",""0"",""0"",""0"",""0"",""0"",""16"",""0"",""38"",""0"",""0.0"",""1.25"",""86"",""119"",""114"",""4.14"",""0.0"",""61.0"",""70.1"",""52.0"""
"USC00110072,""ALEDO, IL US"",""1993-10"",,""2"",""3"",""3"",""0"",""0"",""0"",""7"",""0"",""8"",""0"",""24"",""0"",""0.0"",""0.20"",""81"",""493"",""374"",""0.50"",""0.0"",""51.3"",""62.4"",""40.1"""
"USC00110072,""ALEDO, IL US"",""1993-11"",,""0"",""5"",""5"",""1"",""1"",""0"",""18"",""5"",""0"",""0"",""12"",""2"",""2.0"",""0.75"",""62"",""1248"",""755"",""1.89"",""2.0"",""37.9"",""46.6"",""29.1"""
"USC00110072,""ALEDO, IL US"",""1993-12"",,""0"",""6"",""4"",""7"",""2"",""1"",""22"",""10"",""0"",""0"",""-2"",""4"",""3.0"",""0.32"",""55"",""2191"",""943"",""1.18"",""4.0"",""28.7"",""34.7"",""22.8"""
"USC00110072,""ALEDO, IL US"",""1994-01"",""0"",""0"",""7"",""3"",""22"",""6"",""12"",""30"",""20"",""0"",""0"",""-25"",""6"",""5.0"",""0.50"",""39"",""3653"",""1462"",""1.20"",""12.4"",""16.0"",""24.1"",""7.9"""
"USC00110072,""ALEDO, IL US"",""1994-02"",""0"",""0"",""7"",""6"",,""5"",""2"",""25"",""18"",""0"",""0"",""-7"",,""7.0"",""1.00"",""59"",""4791"",""1138"",""2.72"",""18.0"",""22.7"",""32.2"",""13.2"""
"USC00110072,""ALEDO, IL US"",""1994-03"",""0"",""0"",,,""0"",,""0"",""22"",""0"",""2"",""0"",""18"",""0"",,,""76"",""5537"",""746"",,,""38.6"",""49.4"",""27.9"""
"USC00110072,""ALEDO, IL US"",""1994-04"",""10"",""10"",""9"",""8"",""0"",""0"",""0"",""6"",""0"",""8"",""0"",""22"",""0"",""0.0"",""0.60"",""83"",""5977"",""440"",""2.46"",""0.0"",""49.8"",""62.1"",""37.6"""
"USC00110072,""ALEDO, IL US"",""1994-05"",""29"",""19"",,,""0"",""0"",""0"",""0"",""0"",""20"",""0"",""36"",""0"",""0.0"",,""86"",""6152"",""175"",,""0.0"",""59.1"",""71.8"",""46.4"""
"USC00110072,""ALEDO, IL US"",""1994-06"",""215"",""185"",,,""0"",""0"",""0"",""0"",""0"",""27"",""6"",""47"",""0"",""0.0"",,""91"",""6180"",""28"",,""0.0"",""70.7"",""81.2"",""60.1"""
"USC00110072,""ALEDO, IL US"",""1994-07"",,,""10"",""6"",""0"",""0"",""0"",""0"",,,,""56"",""0"",""0.0"",""0.55"",,,,""1.96"",""0.0"",,,""61.0"""
"USC00110072,""ALEDO, IL US"",""1994-08"",,""108"",""9"",""6"",""0"",""0"",""0"",""0"",""0"",""28"",""0"",""49"",""0"",""0.0"",""0.90"",""88"",,""24"",""3.29"",""0.0"",""67.8"",""78.0"",""57.5"""
"USC00110072,""ALEDO, IL US"",""1994-09"",,""59"",""5"",""3"",""0"",""0"",""0"",""0"",""0"",""20"",""0"",""41"",""0"",""0.0"",""0.66"",""88"",,""92"",""1.13"",""0.0"",""63.5"",""74.5"",""52.6"""
"USC00110072,""ALEDO, IL US"",""1994-10"",,""16"",""3"",""3"",""0"",""0"",""0"",""2"",""0"",""12"",""0"",""27"",""0"",""0.0"",""0.80"",""89"",,""302"",""1.27"",""0.0"",""55.2"",""67.1"",""43.2"""
"USC00110072,""ALEDO, IL US"",""1994-11"",,""0"",""8"",""8"",""0"",""0"",""0"",""17"",""0"",""1"",""0"",""21"",""0"",""0.0"",""0.90"",""72"",,""678"",""4.45"",""0.0"",""41.8"",""51.5"",""32.1"""
"USC00110072,""ALEDO, IL US"",""1994-12"",,""0"",""4"",""4"",,""0"",""0"",""27"",""9"",""0"",""0"",""4"",,""0.0"",""1.50"",""57"",,""1001"",""2.30"",""0.0"",""31.8"",""39.6"",""24.0"""
"USC00110072,""ALEDO, IL US"",""1995-01"",""0"",""0"",""6"",""6"",""24"",""5"",""6"",""30"",""24"",""0"",""0"",""-6"",""12"",""12.0"",""1.20"",""49"",,""1338"",""2.77"",""18.0"",""19.2"",""26.3"",""12.1"""
"USC00110072,""ALEDO, IL US"",""1995-02"",""0"",""0"",""1"",""1"",,""0"",""2"",""26"",""11"",""0"",""0"",""-4"",,""0.0"",""0.83"",""59"",,""1048"",""0.83"",""0.0"",""25.1"",""35.0"",""15.1"""
"USC00110072,""ALEDO, IL US"",""1995-03"",,,""6"",""4"",""0"",""0"",,,,,,,""0"",""0.0"",""0.50"",,,,""1.35"",""0.0"",,,"
"USC00110072,""ALEDO, IL US"",""1995-04"",,""0"",""13"",""12"",""0"",""0"",""0"",""8"",""0"",""3"",""0"",""18"",""0"",""0.0"",""1.35"",""75"",,""524"",""5.55"",""0.0"",""45.9"",""57.7"",""34.1"""
"USC00110072,""ALEDO, IL US"",""1995-05"",,,""14"",""13"",""0"",""0"",""0"",""0"",""0"",""13"",""0"",""39"",""0"",""0.0"",""1.70"",""79"",,,""6.80"",""0.0"",""57.6"",""67.5"",""47.6"""
"USC00110072,""ALEDO, IL US"",""1995-06"",,""186"",""9"",""8"",""0"",""0"",""0"",""0"",""0"",""27"",""5"",""50"",""0"",""0.0"",""1.60"",""92"",,""14"",""4.43"",""0.0"",""71.0"",""81.7"",""60.3"""
"USC00110072,""ALEDO, IL US"",""1995-07"",,""235"",""8"",""8"",""0"",""0"",""0"",""0"",""0"",""29"",""6"",""51"",""0"",""0.0"",""2.05"",""98"",""6"",""6"",""6.00"",""0.0"",""73.7"",""84.6"",""62.7"""
"USC00110072,""ALEDO, IL US"",""1995-08"",,""339"",""8"",""6"",""0"",""0"",""0"",""0"",""0"",""30"",""11"",""60"",""0"",""0.0"",""0.55"",""93"",""6"",""0"",""1.94"",""0.0"",""77.2"",""87.2"",""67.2"""
"USC00110072,""ALEDO, IL US"",""1995-09"",,""52"",""7"",""6"",""0"",""0"",""0"",""1"",""0"",""20"",""1"",""32"",""0"",""0.0"",""0.50"",""91"",""156"",""150"",""1.49"",""0.0"",""61.4"",""73.0"",""49.8"""
"USC00110072,""ALEDO, IL US"",""1995-10"",,""2"",""8"",""6"",""0"",""0"",""0"",""7"",""0"",""12"",""0"",""27"",""0"",""0.0"",""1.00"",""83"",""515"",""359"",""2.79"",""0.0"",""52.2"",""64.8"",""39.6"""
"USC00110072,""ALEDO, IL US"",""1995-11"",,,""5"",""4"",""1"",""2"",""0"",""24"",""6"",""0"",""0"",""8"",""2"",""2.0"",""1.60"",""61"",,,""3.15"",""3.0"",""30.7"",""40.5"",""20.9"""
"USC00110072,""ALEDO, IL US"",""1995-12"",,""0"",""3"",""2"",,""3"",""3"",""29"",""13"",""0"",""0"",""-3"",,""3.0"",""0.20"",""58"",,""1112"",""0.42"",""6.0"",""25.4"",""34.2"",""16.7"""
"USC00110072,""ALEDO, IL US"",""1996-01"",""0"",""0"",""5"",""5"",,""4"",""10"",""28"",""16"",""0"",""0"",""-19"",,""10.0"",""1.50"",""57"",,""1252"",""3.60"",""13.0"",""19.0"",""28.8"",""9.3"""
"USC00110072,""ALEDO, IL US"",""1996-02"",""0"",""0"",""3"",""2"",,""0"",""7"",""25"",""12"",""0"",""0"",""-28"",,""0.0"",""0.92"",""65"",,""1157"",""1.48"",""0.0"",""22.9"",""33.7"",""12.1"""
"USC00110072,""ALEDO, IL US"",""1996-03"",""0"",""0"",""4"",""3"",,""0"",""3"",""26"",""9"",""0"",""0"",""-3"",,""0.0"",""0.65"",""66"",,""1076"",""1.16"",""0.0"",""30.3"",""41.3"",""19.3"""
"USC00110072,""ALEDO, IL US"",""1996-04"",""0"",""0"",""7"",""6"",""0"",""0"",""0"",""11"",""0"",""7"",""0"",""21"",""0"",""0.0"",""0.86"",""79"",,""569"",""2.58"",""0.0"",""45.4"",""57.8"",""32.9"""
"USC00110072,""ALEDO, IL US"",""1996-05"",""42"",""42"",""17"",""17"",""0"",""0"",""0"",""0"",""0"",""10"",""1"",""33"",""0"",""0.0"",""1.60"",""90"",,""296"",""9.96"",""0.0"",""56.8"",""66.1"",""47.5"""
"USC00110072,""ALEDO, IL US"",""1996-06"",""193"",""151"",""7"",""7"",""0"",""0"",""0"",""0"",""0"",""24"",""2"",""45"",""0"",""0.0"",""0.60"",""91"",,""51"",""1.90"",""0.0"",""68.3"",""78.2"",""58.4"""
"USC00110072,""ALEDO, IL US"",""1996-07"",""383"",""190"",""8"",""6"",""0"",""0"",""0"",""0"",""0"",""31"",""2"",""53"",""0"",""0.0"",""1.00"",""93"",""2"",""2"",""2.77"",""0.0"",""71.1"",""82.3"",""59.9"""
"USC00110072,""ALEDO, IL US"",""1996-08"",""579"",""196"",""4"",""4"",""0"",""0"",""0"",""0"",""0"",""30"",""3"",""55"",""0"",""0.0"",""1.47"",""91"",""2"",""0"",""3.22"",""0.0"",""72.1"",""82.5"",""61.7"""
"USC00110072,""ALEDO, IL US"",""1996-09"",""643"",""63"",""5"",""5"",""0"",""0"",""0"",""0"",""0"",""20"",""0"",""41"",""0"",""0.0"",""0.90"",""85"",""131"",""129"",""2.51"",""0.0"",""62.7"",""73.9"",""51.5"""
"USC00110072,""ALEDO, IL US"",""1996-10"",""646"",""3"",""3"",""3"",""0"",""0"",""0"",""4"",""0"",""13"",""0"",""24"",""0"",""0.0"",""0.90"",""79"",""474"",""343"",""1.30"",""0.0"",""53.1"",""65.3"",""40.8"""
"USC00110072,""ALEDO, IL US"",""1996-11"",""646"",""0"",""4"",""3"",""0"",""0"",""0"",""25"",""9"",""0"",""0"",""9"",""0"",""0.0"",""0.45"",""65"",""1455"",""981"",""0.95"",""0.0"",""31.2"",""39.6"",""22.7"""
"USC00110072,""ALEDO, IL US"",""1996-12"",""646"",""0"",""4"",""2"",,""3"",""4"",""28"",""15"",""0"",""0"",""-3"",,""3.5"",""0.20"",""48"",""2716"",""1260"",""0.65"",""5.5"",""23.0"",""31.2"",""14.8"""
"USC00110072,""ALEDO, IL US"",""1997-01"",""0"",""0"",""9"",""6"",,""7"",""15"",""29"",""20"",""0"",""0"",""-13"",,""4.0"",""0.70"",""61"",""4162"",""1447"",""1.83"",""18.0"",""15.5"",""26.1"",""5.0"""
"USC00110072,""ALEDO, IL US"",""1997-02"",""0"",""0"",""7"",""5"",,""2"",""0"",""26"",""12"",""0"",""0"",""8"",,""4.0"",""1.75"",""55"",""5201"",""1038"",""3.56"",""6.5"",""27.9"",""34.6"",""21.2"""
"USC00110072,""ALEDO, IL US"",""1997-03"",""0"",""0"",""4"",""4"",,""0"",""0"",""26"",""3"",""2"",""0"",""9"",,""0.0"",""0.45"",""73"",""6040"",""840"",""1.05"",""0.0"",""37.9"",""49.9"",""26.0"""
"USC00110072,""ALEDO, IL US"",""1997-04"",""0"",""0"",""4"",""3"",,""1"",""0"",""13"",""1"",""3"",""0"",""18"",,""6.0"",""0.73"",""76"",""6637"",""597"",""1.71"",""6.0"",""44.6"",""56.8"",""32.4"""
"USC00110072,""ALEDO, IL US"",""1997-05"",""7"",""7"",""10"",""8"",""0"",""0"",""0"",""2"",""0"",""11"",""0"",""32"",""0"",""0.0"",""1.05"",""87"",""6974"",""336"",""3.65"",""0.0"",""54.4"",""66.2"",""42.5"""
"USC00110072,""ALEDO, IL US"",""1997-06"",""148"",""141"",""8"",""8"",""0"",""0"",""0"",""0"",""0"",""30"",""1"",""49"",""0"",""0.0"",""1.65"",""90"",""6985"",""11"",""3.57"",""0.0"",""69.3"",""80.3"",""58.4"""
"USC00110072,""ALEDO, IL US"",""1997-07"",""375"",""227"",""5"",""4"",""0"",""0"",""0"",""0"",""0"",""30"",""7"",""50"",""0"",""0.0"",""0.57"",""97"",""11"",""11"",""1.08"",""0.0"",""72.7"",""84.2"",""61.2"""
"USC00110072,""ALEDO, IL US"",""1997-08"",""505"",""130"",""10"",""10"",""0"",""0"",""0"",""0"",""0"",""28"",""3"",""51"",""0"",""0.0"",""2.20"",""93"",""19"",""7"",""7.40"",""0.0"",""69.5"",""80.3"",""58.8"""
"USC00110072,""ALEDO, IL US"",""1997-09"",""568"",""63"",""6"",""5"",""0"",""0"",""0"",""0"",""0"",""25"",""0"",""44"",""0"",""0.0"",""1.25"",""89"",""99"",""80"",""2.60"",""0.0"",""64.5"",""76.3"",""52.6"""
"USC00110072,""ALEDO, IL US"",""1997-10"",""606"",""37"",""5"",""5"",""0"",""1"",""0"",""6"",""0"",""11"",""1"",""23"",""0"",""3.0"",""0.65"",""91"",""479"",""381"",""1.90"",""3.0"",""52.8"",""64.9"",""40.7"""
"USC00110072,""ALEDO, IL US"",""1997-11"",,,""3"",""2"",""0"",""0"",,,,,,,""0"",""0.5"",""0.50"",,,,""2.20"",""0.5"",,,"
"USC00110072,""ALEDO, IL US"",""1997-12"",,""0"",""6"",""4"",,""5"",""0"",""27"",""12"",""0"",""0"",""10"",,""4.0"",""0.50"",""51"",,""1059"",""1.28"",""14.0"",""29.6"",""35.8"",""23.4"""
"USC00110072,""ALEDO, IL US"",""1998-01"",""0"",""0"",""6"",""5"",,""1"",""1"",""26"",""19"",""0"",""0"",""0"",,""1.0"",""0.95"",""64"",,""1195"",""2.27"",""1.0"",""26.4"",""33.3"",""19.6"""
"USC00110072,""ALEDO, IL US"",""1998-02"",""0"",""0"",""6"",""5"",""0"",""0"",""0"",""13"",""1"",""0"",""0"",""24"",""0"",""0.0"",""1.20"",""59"",,""646"",""2.81"",""0.0"",""37.1"",""43.6"",""30.5"""
"USC00110072,""ALEDO, IL US"",""1998-03"",""3"",""3"",""8"",""6"",""0"",""2"",""0"",""21"",""3"",""4"",""0"",""3"",""0"",""2.0"",""1.60"",""80"",,""721"",""4.75"",""3.0"",""38.4"",""47.3"",""29.4"""
"USC00110072,""ALEDO, IL US"",""1998-04"",,,""10"",""10"",""0"",""0"",,,,,,,""0"",""0.0"",""0.80"",,,,""5.44"",""0.0"",,,"
"USC00110072,""ALEDO, IL US"",""1998-05"",,""69"",""7"",""7"",""0"",""0"",""0"",""0"",""0"",""23"",""0"",""45"",""0"",""0.0"",""0.55"",""88"",,""76"",""2.40"",""0.0"",""64.8"",""75.8"",""53.7"""
"USC00110072,""ALEDO, IL US"",""1998-06"",,""139"",""12"",""10"",""0"",""0"",""0"",""0"",""0"",""23"",""5"",""46"",""0"",""0.0"",""1.40"",""93"",,""48"",""7.13"",""0.0"",""68.2"",""77.6"",""58.8"""
"USC00110072,""ALEDO, IL US"",""1998-07"",,""252"",""4"",""4"",""0"",""0"",""0"",""0"",""0"",""28"",""4"",""57"",""0"",""0.0"",""0.60"",""94"",""0"",""0"",""1.75"",""0.0"",""74.3"",""85.3"",""63.4"""
"USC00110072,""ALEDO, IL US"",""1998-08"",,""247"",""6"",""6"",""0"",""0"",""0"",""0"",""0"",""31"",""1"",""55"",""0"",""0.0"",""0.85"",""91"",""0"",""0"",""2.59"",""0.0"",""73.5"",""84.0"",""63.0"""
"USC00110072,""ALEDO, IL US"",""1998-09"",,""139"",""5"",""5"",""0"",""0"",""0"",""0"",""0"",""28"",""4"",""42"",""0"",""0.0"",""2.20"",""93"",""40"",""40"",""4.35"",""0.0"",""68.4"",""81.1"",""55.7"""
"USC00110072,""ALEDO, IL US"",""1998-10"",,""2"",""9"",""9"",,""0"",""0"",""0"",""0"",""5"",""0"",""33"",,""0.0"",""3.40"",""81"",""348"",""308"",""8.10"",""0.0"",""53.7"",""64.4"",""42.9"""
"USC00110072,""ALEDO, IL US"",""1998-11"",,""0"",""6"",""5"",""0"",""1"",""0"",""15"",""0"",""0"",""0"",""19"",""0"",""3.0"",""1.55"",""66"",""950"",""602"",""3.20"",""3.0"",""42.0"",""51.3"",""32.8"""
"USC00110072,""ALEDO, IL US"",""1998-12"",,,""1"",""1"",""0"",""0"",,,,,,,""0"",""0.0"",""1.25"",,,,""1.25"",""0.0"",,,"
"USC00110072,""ALEDO, IL US"",""1999-01"",,,""3"",""3"",,""3"",,,,,,,,""10.0"",""0.65"",,,,""0.95"",""18.0"",,,"
"USC00110072,""ALEDO, IL US"",""1999-02"",,""0"",""5"",""3"",""0"",""1"",""0"",""23"",""8"",""0"",""0"",""14"",""0"",""1.0"",""0.20"",""66"",,""888"",""0.50"",""1.0"",""33.3"",""41.6"",""25.0"""
"USC00110072,""ALEDO, IL US"",""1999-03"",,""0"",""4"",""3"",,""2"",""0"",""28"",""3"",""1"",""0"",""11"",,""6.0"",""0.60"",""70"",,""918"",""1.15"",""8.0"",""35.4"",""47.4"",""23.4"""
"USC00110072,""ALEDO, IL US"",""1999-04"",,""0"",""10"",""9"",""0"",""0"",""0"",""0"",""0"",""8"",""0"",""34"",""0"",""0.0"",""1.40"",""78"",,""394"",""6.84"",""0.0"",""51.9"",""62.5"",""41.3"""
"USC00110072,""ALEDO, IL US"",""1999-05"",,""31"",""8"",""6"",""0"",""0"",""0"",""0"",""0"",""22"",""0"",""41"",""0"",""0.0"",""1.45"",""83"",,""121"",""3.58"",""0.0"",""62.0"",""72.9"",""51.0"""
"USC00110072,""ALEDO, IL US"",""1999-06"",,""167"",""12"",""11"",""0"",""0"",""0"",""0"",""0"",""26"",""0"",""49"",""0"",""0.0"",""2.00"",""88"",,""36"",""7.45"",""0.0"",""69.5"",""79.6"",""59.3"""
"USC00110072,""ALEDO, IL US"",""1999-07"",,""289"",""4"",""3"",""0"",""0"",""0"",""0"",""0"",""29"",""9"",""54"",""0"",""0.0"",""1.35"",""97"",""0"",""0"",""3.30"",""0.0"",""75.5"",""86.5"",""64.4"""
"USC00110072,""ALEDO, IL US"",""1999-08"",,""116"",""6"",""6"",,""0"",""0"",""0"",""0"",""28"",""0"",""52"",,""0.0"",""1.00"",""88"",""9"",""9"",""4.06"",""0.0"",""68.7"",""79.4"",""58.0"""
"USC00110072,""ALEDO, IL US"",""1999-09"",,""39"",""5"",""5"",""0"",""0"",""0"",""0"",""0"",""19"",""3"",""37"",""0"",""0.0"",""3.40"",""90"",""149"",""140"",""4.85"",""0.0"",""61.4"",""75.1"",""47.8"""
"USC00110072,""ALEDO, IL US"",""1999-10"",,,""3"",""2"",""0"",""0"",,,,,,,""0"",""0.0"",""0.50"",,,,""0.80"",""0.0"",,,"
"USC00110072,""ALEDO, IL US"",""1999-11"",,""0"",""2"",""1"",""0"",""0"",""0"",""18"",""0"",""6"",""0"",""17"",""0"",""0.0"",""0.15"",""77"",,""597"",""0.21"",""0.0"",""45.1"",""57.7"",""32.5"""
"USC00110072,""ALEDO, IL US"",""1999-12"",,""0"",""7"",""5"",,""1"",""4"",""26"",""7"",""0"",""0"",""-3"",,""4.0"",""0.95"",""59"",,""1060"",""2.60"",""4.5"",""28.1"",""37.0"",""19.2"""
"USC00110072,""ALEDO, IL US"",""2000-01"",""0"",""0"",""4"",""3"",,""4"",""6"",""29"",""16"",""0"",""0"",""-8"",,""4.5"",""0.45"",""59"",,""1323"",""0.95"",""10.5"",""22.3"",""31.4"",""13.2"""
"USC00110072,""ALEDO, IL US"",""2000-02"",""0"",""0"",""4"",""4"",,""1"",""0"",""23"",""9"",""0"",""0"",""5"",,""7.0"",""1.05"",""68"",,""923"",""2.48"",""7.0"",""32.0"",""41.6"",""22.4"""
"USC00110072,""ALEDO, IL US"",""2000-03"",""0"",""0"",""7"",""6"",""0"",""0"",""0"",""19"",""0"",""4"",""0"",""21"",""0"",""0.0"",""0.75"",""76"",,""651"",""2.10"",""0.0"",""43.1"",""54.6"",""31.6"""
"USC00110072,""ALEDO, IL US"",""2000-04"",""0"",""0"",""7"",""7"",""0"",""0"",""0"",""7"",""0"",""6"",""0"",""25"",""0"",""0.0"",""1.50"",""76"",,""454"",""4.92"",""0.0"",""49.5"",""61.8"",""37.1"""
"USC00110072,""ALEDO, IL US"",""2000-05"",""40"",""40"",""8"",""7"",""0"",""0"",""0"",""0"",""0"",""20"",""0"",""38"",""0"",""0.0"",""2.00"",""84"",,""146"",""4.72"",""0.0"",""61.5"",""73.2"",""49.8"""
"USC00110072,""ALEDO, IL US"",""2000-06"",,,""12"",""12"",""0"",""0"",,,,,,,""0"",""0.0"",""0.95"",,,,""4.48"",""0.0"",,,"
"USC00110072,""ALEDO, IL US"",""2000-07"",,,""7"",""7"",""0"",""0"",,,,,,,""0"",""0.0"",""1.55"",,,,""4.50"",""0.0"",,,"
"USC00110072,""ALEDO, IL US"",""2000-08"",,""213"",""7"",""7"",""0"",""0"",""0"",""0"",""0"",""29"",""0"",""56"",""0"",""0.0"",""1.50"",""89"",,""0"",""3.25"",""0.0"",""72.3"",""82.7"",""61.9"""
"USC00110072,""ALEDO, IL US"",""2000-09"",,""128"",""7"",""7"",""0"",""0"",""0"",""0"",""0"",""22"",""4"",""38"",""0"",""0.0"",""1.15"",""97"",,""139"",""4.22"",""0.0"",""64.5"",""77.0"",""52.1"""
"USC00110072,""ALEDO, IL US"",""2000-10"",,""7"",""3"",""3"",""0"",""0"",""0"",""6"",""0"",""15"",""0"",""26"",""0"",""0.0"",""0.90"",""82"",,""293"",""1.25"",""0.0"",""55.8"",""67.9"",""43.7"""
"USC00110072,""ALEDO, IL US"",""2000-11"",,""0"",""4"",""4"",""0"",""0"",""0"",""20"",""3"",""2"",""0"",""6"",""0"",""0.0"",""0.75"",""78"",,""737"",""1.32"",""0.0"",""36.0"",""45.5"",""26.6"""
"USC00110072,""ALEDO, IL US"",""2000-12"",,""0"",""4"",""4"",,""6"",""13"",""30"",""23"",""0"",""0"",""-13"",,""10.0"",""0.30"",""44"",,""1552"",""1.00"",""31.0"",""11.7"",""20.9"",""2.6"""
"USC00110072,""ALEDO, IL US"",""2001-01"",""0"",""0"",""7"",""6"",,""3"",""5"",""31"",""19"",""0"",""0"",""-3"",,""2.0"",""1.40"",""39"",,""1387"",""2.35"",""4.5"",""20.3"",""28.7"",""11.8"""
"USC00110072,""ALEDO, IL US"",""2001-02"",""0"",""0"",""7"",""7"",,""1"",""2"",""27"",""14"",""0"",""0"",""-6"",,""1.0"",""1.20"",""49"",,""1127"",""4.00"",""1.0"",""21.8"",""30.6"",""13.0"""
"USC00110072,""ALEDO, IL US"",""2001-03"",,,""4"",""3"",""0"",""0"",,,""6"",""0"",""0"",,""0"",""0.0"",""1.00"",""59"",,,""1.45"",""0.0"",,""42.5"","
"USC00110072,""ALEDO, IL US"",""2001-04"",,""8"",""10"",""9"",""0"",""0"",""0"",""6"",""0"",""11"",""0"",""25"",""0"",""0.0"",""1.10"",""82"",,""318"",""4.50"",""0.0"",""54.0"",""66.7"",""41.4"""
"USC00110072,""ALEDO, IL US"",""2001-05"",,""52"",""15"",""14"",""0"",""0"",""0"",""0"",""0"",""19"",""0"",""39"",""0"",""0.0"",""2.00"",""87"",,""147"",""11.60"",""0.0"",""61.8"",""72.3"",""51.3"""
"USC00110072,""ALEDO, IL US"",""2001-06"",,""119"",""9"",""7"",""0"",""0"",""0"",""0"",""0"",""24"",""1"",""45"",""0"",""0.0"",""1.15"",""91"",,""71"",""4.13"",""0.0"",""66.6"",""76.4"",""56.8"""
"USC00110072,""ALEDO, IL US"",""2001-07"",,""273"",""4"",""4"",""0"",""0"",""0"",""0"",""0"",""30"",""5"",""51"",""0"",""0.0"",""0.55"",""93"",""4"",""4"",""1.35"",""0.0"",""74.2"",""84.5"",""63.9"""
"USC00110072,""ALEDO, IL US"",""2001-08"",,""212"",""6"",""5"",""0"",""0"",""0"",""0"",""0"",""30"",""5"",""53"",""0"",""0.0"",""1.05"",""93"",""5"",""0"",""1.75"",""0.0"",""72.4"",""82.8"",""61.9"""
"USC00110072,""ALEDO, IL US"",""2001-09"",,""51"",""7"",""6"",""0"",""0"",""0"",""0"",""0"",""16"",""0"",""37"",""0"",""0.0"",""1.80"",""88"",""139"",""134"",""4.50"",""0.0"",""61.9"",""72.7"",""51.0"""
"USC00110072,""ALEDO, IL US"",""2001-10"",,""1"",""12"",""9"",""0"",""0"",""0"",""7"",""0"",""6"",""0"",""28"",""0"",""0.0"",""1.95"",""80"",""571"",""431"",""5.79"",""0.0"",""50.7"",""60.9"",""40.4"""
"USC00110072,""ALEDO, IL US"",""2001-11"",,""0"",""5"",""5"",""0"",""0"",""0"",""9"",""0"",""8"",""0"",""23"",""0"",""0.0"",""0.60"",""73"",""1066"",""495"",""1.25"",""0.0"",""48.1"",""60.5"",""35.7"""
"USC00110072,""ALEDO, IL US"",""2001-12"",,""0"",""7"",""6"",""0"",""0"",""0"",""26"",""8"",""0"",""0"",""5"",""0"",""0.0"",""0.40"",""66"",""2094"",""1028"",""1.37"",""0.0"",""31.8"",""40.9"",""22.8"""
"USC00110072,""ALEDO, IL US"",""2002-01"",""0"",""0"",""3"",""2"",""0"",""1"",""0"",""28"",""9"",""0"",""0"",""3"",""0"",""9.0"",""1.10"",""62"",""3099"",""1005"",""1.24"",""9.0"",""29.5"",""38.7"",""20.4"""
"USC00110072,""ALEDO, IL US"",""2002-02"",""0"",""0"",""6"",""5"",,""0"",""0"",""24"",""5"",""0"",""0"",""4"",,""0.0"",""0.45"",""65"",""4084"",""985"",""1.34"",""0.0"",""29.8"",""39.0"",""20.6"""
"USC00110072,""ALEDO, IL US"",""2002-03"",""0"",""0"",""7"",""5"",,""2"",""2"",""27"",""7"",""0"",""0"",""-8"",,""5.0"",""0.50"",""67"",""5077"",""993"",""1.79"",""8.0"",""33.0"",""44.8"",""21.1"""
"USC00110072,""ALEDO, IL US"",""2002-04"",""33"",""33"",""10"",""9"",""0"",""0"",""0"",""10"",""0"",""7"",""0"",""21"",""0"",""0.0"",""1.03"",""87"",""5578"",""501"",""5.61"",""0.0"",""48.3"",""59.1"",""37.5"""
"USC00110072,""ALEDO, IL US"",""2002-05"",""55"",""22"",""12"",""10"",,""0"",""0"",""0"",""0"",""13"",""0"",""34"",,""0.0"",""2.60"",""86"",""5877"",""299"",""5.65"",""0.0"",""55.8"",""67.5"",""44.0"""
"USC00110072,""ALEDO, IL US"",""2002-06"",""238"",""182"",""8"",""8"",""0"",""0"",""0"",""0"",""0"",""27"",""1"",""51"",""0"",""0.0"",""1.70"",""92"",""5892"",""14"",""5.47"",""0.0"",""70.8"",""81.9"",""59.7"""
"USC00110072,""ALEDO, IL US"",""2002-07"",""539"",""301"",""6"",""5"",""0"",""0"",""0"",""0"",""0"",""31"",""7"",""57"",""0"",""0.0"",""2.50"",""92"",""0"",""0"",""6.60"",""0.0"",""74.9"",""85.3"",""64.6"""
"USC00110072,""ALEDO, IL US"",""2002-08"",""724"",""185"",""7"",""7"",,""0"",""0"",""0"",""0"",""29"",""1"",""54"",,""0.0"",""2.80"",""92"",""0"",""0"",""5.95"",""0.0"",""71.7"",""81.9"",""61.4"""
"USC00110072,""ALEDO, IL US"",""2002-09"",""828"",""104"",""4"",""4"",""0"",""0"",""0"",""0"",""0"",""26"",""2"",""37"",""0"",""0.0"",""0.25"",""90"",""66"",""66"",""0.75"",""0.0"",""66.3"",""78.8"",""53.8"""
"USC00110072,""ALEDO, IL US"",""2002-10"",""841"",""13"",""13"",""10"",""0"",""0"",""0"",""9"",""0"",""8"",""0"",""28"",""0"",""0.0"",""1.15"",""88"",""561"",""495"",""4.05"",""0.0"",""48.9"",""58.8"",""39.0"""
"USC00110072,""ALEDO, IL US"",""2002-11"",""841"",""0"",""2"",""0"",""0"",""0"",""0"",""24"",""3"",""0"",""0"",""15"",""0"",""0.0"",""0.05"",""66"",""1345"",""784"",""0.10"",""0.0"",""35.8"",""45.2"",""26.3"""
"USC00110072,""ALEDO, IL US"",""2002-12"",""841"",""0"",""2"",""2"",""0"",""0"",""0"",""29"",""8"",""0"",""0"",""7"",""0"",""0.0"",""0.65"",""60"",""2443"",""1098"",""0.85"",""0.0"",""29.6"",""39.1"",""20.1"""
"USC00110072,""ALEDO, IL US"",""2003-01"",""0"",""0"",""4"",""2"",,,""3"",""31"",""19"",""0"",""0"",""-8"",,,""0.15"",""62"",""3863"",""1420"",""0.36"",,""19.2"",""28.3"",""10.1"""
"USC00110072,""ALEDO, IL US"",""2003-02"",""0"",""0"",""6"",""3"",""0"",""1"",""5"",""28"",""16"",""0"",""0"",""-3"",""0"",""8.0"",""0.90"",""46"",""5097"",""1234"",""1.21"",""8.0"",""20.9"",""30.4"",""11.4"""
"USC00110072,""ALEDO, IL US"",""2003-03"",""0"",""0"",""4"",""4"",,""1"",""0"",""22"",""5"",""4"",""0"",""1"",,""5.0"",""0.50"",""72"",""5958"",""861"",""1.17"",""5.0"",""35.9"",""47.5"",""24.3"""
"USC00110072,""ALEDO, IL US"",""2003-04"",""8"",""8"",""8"",""8"",""1"",""0"",""0"",""7"",""2"",""11"",""0"",""24"",""2"",""0.0"",""0.65"",""84"",""6354"",""396"",""3.15"",""0.0"",""50.3"",""63.7"",""36.8"""
"USC00110072,""ALEDO, IL US"",""2003-05"",""12"",""4"",""8"",""5"",,""0"",""0"",""0"",""0"",""13"",""0"",""38"",,""0.0"",""4.80"",""83"",""6536"",""181"",""8.98"",""0.0"",""58.2"",""70.6"",""45.8"""
"USC00110072,""ALEDO, IL US"",""2003-06"",""122"",""110"",""7"",""6"",""0"",""0"",""0"",""0"",""0"",""24"",""3"",""47"",""0"",""0.0"",""2.00"",""92"",""6599"",""63"",""4.11"",""0.0"",""66.7"",""78.0"",""55.3"""
"USC00110072,""ALEDO, IL US"",""2003-07"",""312"",""189"",""5"",""4"",,""0"",""0"",""0"",""0"",""27"",""5"",""53"",,""0.0"",""1.32"",""91"",""2"",""2"",""3.65"",""0.0"",""71.9"",""83.0"",""60.9"""
"USC00110072,""ALEDO, IL US"",""2003-08"",""563"",""251"",""4"",""3"",""0"",""0"",""0"",""0"",""0"",""27"",""6"",""57"",""0"",""0.0"",""0.60"",""96"",""2"",""0"",""0.95"",""0.0"",""74.2"",""85.7"",""62.7"""
"USC00110072,""ALEDO, IL US"",""2003-09"",""610"",""47"",""7"",""6"",""0"",""0"",""0"",""0"",""0"",""22"",""0"",""36"",""0"",""0.0"",""1.95"",""86"",""150"",""148"",""5.40"",""0.0"",""61.6"",""73.5"",""49.8"""
"USC00110072,""ALEDO, IL US"",""2003-10"",""610"",""0"",""6"",""5"",""0"",""0"",""0"",""6"",""0"",""11"",""0"",""27"",""0"",""0.0"",""0.65"",""80"",""549"",""399"",""1.87"",""0.0"",""52.1"",""64.4"",""39.9"""
"USC00110072,""ALEDO, IL US"",""2003-11"",""610"",""0"",""7"",""7"",""0"",""0"",""0"",""18"",""2"",""0"",""0"",""15"",""0"",""0.0"",""1.35"",""69"",""1296"",""747"",""2.82"",""0.0"",""39.3"",""49.0"",""29.7"""
"USC00110072,""ALEDO, IL US"",""2003-12"",""610"",""0"",""6"",""6"",,""4"",""0"",""26"",""8"",""0"",""0"",""4"",,""4.0"",""2.10"",""56"",""2314"",""1018"",""3.20"",""10.0"",""29.1"",""37.5"",""20.7"""
"USC00110072,""ALEDO, IL US"",""2004-01"",""0"",""0"",""5"",""4"",,""2"",""7"",""30"",""18"",""0"",""0"",""-10"",,""5.0"",""0.35"",""60"",""3666"",""1352"",""0.97"",""9.0"",""19.9"",""28.1"",""11.8"""
"USC00110072,""ALEDO, IL US"",""2004-02"",""0"",""0"",""4"",""3"",,""2"",""3"",""27"",""16"",""0"",""0"",""-8"",,""4.0"",""0.40"",""55"",""4840"",""1174"",""0.80"",""6.0"",""24.5"",""33.3"",""15.7"""
"USC00110072,""ALEDO, IL US"",""2004-03"",""0"",""0"",""11"",""9"",,""1"",""0"",""18"",""0"",""0"",""0"",""14"",,""6.0"",""1.70"",""68"",""5559"",""719"",""4.05"",""6.0"",""41.3"",""51.5"",""31.0"""
"USC00110072,""ALEDO, IL US"",""2004-04"",""14"",""14"",""3"",""3"",""0"",""0"",""0"",""8"",""0"",""8"",""0"",""27"",""0"",""0.0"",""1.20"",""85"",""5987"",""427"",""2.05"",""0.0"",""51.2"",""63.3"",""39.1"""
"USC00110072,""ALEDO, IL US"",""2004-05"",""73"",""59"",""15"",""14"",""0"",""0"",""0"",""0"",""0"",""20"",""0"",""33"",""0"",""0.0"",""1.75"",""87"",""6132"",""146"",""7.26"",""0.0"",""61.9"",""73.1"",""50.7"""
"USC00110072,""ALEDO, IL US"",""2004-06"",""185"",""111"",""5"",""4"",,""0"",""0"",""0"",""0"",""27"",""0"",""50"",,""0.0"",""1.20"",""89"",""6163"",""31"",""1.70"",""0.0"",""68.1"",""77.6"",""58.6"""
"USC00110072,""ALEDO, IL US"",""2004-07"",""347"",""162"",""8"",""6"",""0"",""0"",""0"",""0"",""0"",""29"",""1"",""52"",""0"",""0.0"",""0.80"",""91"",""6"",""6"",""2.68"",""0.0"",""70.4"",""80.1"",""60.8"""
"USC00110072,""ALEDO, IL US"",""2004-08"",""423"",""76"",""13"",""12"",""0"",""0"",""0"",""0"",""0"",""24"",""0"",""45"",""0"",""0.0"",""1.35"",""87"",""74"",""67"",""6.23"",""0.0"",""65.3"",""76.0"",""54.6"""
"USC00110072,""ALEDO, IL US"",""2004-09"",""484"",""60"",""3"",""2"",""0"",""0"",""0"",""0"",""0"",""24"",""0"",""41"",""0"",""0.0"",""1.75"",""86"",""121"",""47"",""1.91"",""0.0"",""65.5"",""78.2"",""52.8"""
"USC00110072,""ALEDO, IL US"",""2004-10"",""484"",""0"",""11"",""10"",""0"",""0"",""0"",""5"",""0"",""6"",""0"",""29"",""0"",""0.0"",""1.90"",""78"",""493"",""372"",""6.72"",""0.0"",""51.8"",""61.9"",""41.8"""
"USC00110072,""ALEDO, IL US"",""2004-11"",""484"",""0"",""8"",""7"",""0"",""0"",""0"",""16"",""0"",""0"",""0"",""17"",""0"",""0.0"",""0.55"",""69"",""1104"",""611"",""2.45"",""0.0"",""41.9"",""50.4"",""33.3"""
"USC00110072,""ALEDO, IL US"",""2004-12"",""484"",""0"",""5"",""4"",""0"",""0"",""3"",""28"",""12"",""0"",""0"",""-6"",""0"",""0.0"",""0.55"",""59"",""2280"",""1176"",""1.24"",""0.0"",""27.1"",""35.9"",""18.2"""
"USC00110072,""ALEDO, IL US"",""2005-01"",""0"",""0"",""8"",""6"",,""1"",""6"",""26"",""13"",""0"",""0"",""-3"",,""3.0"",""0.60"",""52"",""3375"",""1096"",""2.55"",""3.0"",""23.0"",""30.5"",""15.5"""
"USC00110072,""ALEDO, IL US"",""2005-02"",""0"",""0"",""7"",""7"",""0"",""1"",""0"",""25"",""5"",""0"",""0"",""10"",""0"",""1.0"",""0.36"",""57"",""4294"",""919"",""1.61"",""1.0"",""32.2"",""40.5"",""23.8"""
"USC00110072,""ALEDO, IL US"",""2005-03"",""0"",""0"",""6"",""5"",""0"",""0"",""0"",""27"",""2"",""2"",""0"",""15"",""0"",""0.0"",""0.85"",""71"",""5179"",""885"",""1.70"",""0.0"",""35.5"",""46.2"",""24.8"""
"USC00110072,""ALEDO, IL US"",""2005-04"",""4"",""4"",""8"",""7"",""0"",""0"",""0"",""4"",""0"",""11"",""0"",""31"",""0"",""0.0"",""1.40"",""80"",""5547"",""368"",""2.90"",""0.0"",""52.9"",""65.4"",""40.4"""
"USC00110072,""ALEDO, IL US"",""2005-05"",""22"",""18"",""9"",""6"",""0"",""0"",""0"",""3"",""0"",""18"",""0"",""26"",""0"",""0.0"",""0.65"",""84"",""5773"",""226"",""2.15"",""0.0"",""57.9"",""70.9"",""44.9"""
"USC00110072,""ALEDO, IL US"",""2005-06"",""261"",""239"",""3"",""3"",""0"",""0"",""0"",""0"",""0"",""29"",""7"",""52"",""0"",""0.0"",""1.00"",""93"",""5774"",""0"",""1.90"",""0.0"",""73.2"",""84.6"",""61.8"""
"USC00110072,""ALEDO, IL US"",""2005-07"",""525"",""264"",""6"",""4"",""0"",""0"",""0"",""0"",""0"",""30"",""9"",""52"",""0"",""0.0"",""1.45"",""99"",""0"",""0"",""2.91"",""0.0"",""74.5"",""86.2"",""62.7"""
"USC00110072,""ALEDO, IL US"",""2005-08"",""760"",""235"",""8"",""6"",""0"",""0"",""0"",""0"",""0"",""31"",""5"",""52"",""0"",""0.0"",""0.70"",""94"",""2"",""2"",""2.81"",""0.0"",""72.5"",""83.1"",""61.9"""
"USC00110072,""ALEDO, IL US"",""2005-09"",""912"",""152"",""7"",""6"",""0"",""0"",""0"",""0"",""0"",""24"",""2"",""38"",""0"",""0.0"",""1.07"",""91"",""54"",""52"",""3.12"",""0.0"",""68.6"",""80.8"",""56.3"""
"USC00110072,""ALEDO, IL US"",""2005-10"",,,""6"",""6"",""0"",""0"",,,""0"",""9"",""0"",,""0"",""0.0"",""0.55"",""85"",,,""1.35"",""0.0"",,""64.3"","
"USC00110072,""ALEDO, IL US"",""2005-11"",,""0"",""5"",""5"",""0"",""0"",""0"",""18"",""5"",""2"",""0"",""10"",""0"",""0.0"",""0.70"",""71"",,""704"",""1.80"",""0.0"",""40.3"",""50.4"",""30.2"""
"USC00110072,""ALEDO, IL US"",""2005-12"",,""0"",""4"",""4"",,,""7"",""28"",""20"",""0"",""0"",""-6"",,,""0.20"",""48"",,""1303"",""0.70"",,""21.3"",""27.8"",""14.9"""
"USC00110072,""ALEDO, IL US"",""2006-01"",""0"",""0"",""5"",""5"",""0"",""0"",""0"",""23"",""5"",""0"",""0"",""20"",""0"",""0.0"",""2.10"",""57"",,""900"",""3.05"",""0.0"",""34.2"",""41.3"",""27.1"""
"USC00110072,""ALEDO, IL US"",""2006-02"",""0"",""0"",""3"",""2"",,""0"",""3"",""24"",""8"",""0"",""0"",""-8"",,""0.0"",""0.35"",""59"",,""909"",""0.70"",""0.0"",""25.4"",""36.2"",""14.6"""
"USC00110072,""ALEDO, IL US"",""2006-03"",""0"",""0"",""9"",""8"",""0"",""1"",""0"",""22"",""0"",""1"",""0"",""18"",""0"",""3.0"",""1.20"",""74"",,""792"",""4.57"",""3.0"",""37.3"",""47.1"",""27.6"""
"USC00110072,""ALEDO, IL US"",""2006-04"",""0"",""0"",""12"",""9"",,""0"",""0"",""5"",""0"",""13"",""0"",""28"",,""0.0"",""1.20"",""83"",,""342"",""5.15"",""0.0"",""53.2"",""65.7"",""40.7"""
"USC00110072,""ALEDO, IL US"",""2006-05"",""77"",""77"",""7"",""7"",""0"",""0"",""0"",""0"",""0"",""18"",""3"",""37"",""0"",""0.0"",""0.75"",""92"",,""205"",""1.44"",""0.0"",""60.9"",""71.1"",""50.6"""
"USC00110072,""ALEDO, IL US"",""2006-06"",""206"",""129"",""8"",""5"",""0"",""0"",""0"",""0"",""0"",""26"",""0"",""48"",""0"",""0.0"",""0.50"",""89"",,""29"",""2.13"",""0.0"",""68.5"",""79.2"",""57.8"""
"USC00110072,""ALEDO, IL US"",""2006-07"",""532"",""326"",""8"",""7"",""0"",""0"",""0"",""0"",""0"",""29"",""8"",""56"",""0"",""0.0"",""0.60"",""96"",""1"",""1"",""1.86"",""0.0"",""76.2"",""86.7"",""65.7"""
"USC00110072,""ALEDO, IL US"",""2006-08"",""779"",""247"",""12"",""10"",""0"",""0"",""0"",""0"",""0"",""30"",""3"",""57"",""0"",""0.0"",""1.05"",""96"",""3"",""1"",""4.43"",""0.0"",""72.9"",""82.3"",""63.6"""
"USC00110072,""ALEDO, IL US"",""2006-09"",""804"",""24"",""8"",""5"",""0"",""0"",""0"",""0"",""0"",""18"",""0"",""38"",""0"",""0.0"",""0.95"",""84"",""140"",""137"",""1.94"",""0.0"",""61.2"",""71.5"",""51.0"""
"USC00110072,""ALEDO, IL US"",""2006-10"",""825"",""22"",""10"",""5"",""0"",""0"",""0"",""13"",""0"",""7"",""1"",""24"",""0"",""0.0"",""1.25"",""91"",""666"",""526"",""2.54"",""0.0"",""48.0"",""58.4"",""37.6"""
"USC00110072,""ALEDO, IL US"",""2006-11"",""825"",""0"",""6"",""5"",""0"",""0"",""0"",""20"",""0"",""1"",""0"",""17"",""0"",""0.0"",""1.00"",""71"",""1361"",""695"",""2.45"",""0.0"",""41.8"",""51.8"",""31.9"""
"USC00110072,""ALEDO, IL US"",""2006-12"",""825"",""0"",""3"",""3"",,""0"",""2"",""22"",""6"",""0"",""0"",""-1"",,""0.0"",""1.07"",""56"",""2398"",""1037"",""1.82"",""0.0"",""30.4"",""38.6"",""22.2"""
"USC00110072,""ALEDO, IL US"",""2007-01"",""0"",""0"",""4"",""3"",,,""3"",""30"",""18"",""0"",""0"",""-1"",,,""0.45"",""52"",""3653"",""1255"",""0.90"",,""24.5"",""33.1"",""15.9"""
"USC00110072,""ALEDO, IL US"",""2007-02"",,,""5"",""4"",,""0"",,,,,,,,""0.0"",""0.25"",,,,""0.85"",""0.0"",,,"
"USC00110072,""ALEDO, IL US"",""2007-03"",,""2"",""10"",""9"",,""0"",""0"",""18"",""3"",""4"",""0"",""9"",,""0.0"",""1.00"",""76"",,""678"",""4.20"",""0.0"",""41.7"",""52.4"",""30.9"""
"USC00110072,""ALEDO, IL US"",""2007-04"",,""4"",""7"",""7"",""0"",""0"",""0"",""13"",""0"",""7"",""0"",""17"",""0"",""0.0"",""0.98"",""85"",,""556"",""4.08"",""0.0"",""46.6"",""57.7"",""35.5"""
"USC00110072,""ALEDO, IL US"",""2007-05"",,""75"",""6"",""6"",""0"",""0"",""0"",""0"",""0"",""24"",""0"",""39"",""0"",""0.0"",""1.10"",""88"",,""75"",""2.07"",""0.0"",""65.0"",""77.1"",""52.9"""
"USC00110072,""ALEDO, IL US"",""2007-06"",,""168"",""7"",""7"",""0"",""0"",""0"",""0"",""0"",""26"",""4"",""48"",""0"",""0.0"",""1.85"",""96"",,""11"",""4.65"",""0.0"",""70.7"",""81.4"",""60.0"""
"USC00110072,""ALEDO, IL US"",""2007-07"",,""207"",""6"",""6"",""0"",""0"",""0"",""0"",""0"",""30"",""1"",""54"",""0"",""0.0"",""0.95"",""90"",""0"",""0"",""3.15"",""0.0"",""71.9"",""82.6"",""61.1"""
"USC00110072,""ALEDO, IL US"",""2007-08"",,,""10"",""8"",""0"",""0"",,,,,,,""0"",""0.0"",""2.15"",,,,""7.97"",""0.0"",,,"
"USC00110072,""ALEDO, IL US"",""2007-09"",,""107"",""4"",""3"",""0"",""0"",""0"",""0"",""0"",""25"",""1"",""37"",""0"",""0.0"",""1.20"",""90"",,""76"",""1.57"",""0.0"",""66.1"",""78.8"",""53.3"""
"USC00110072,""ALEDO, IL US"",""2007-10"",,""39"",""4"",""3"",""0"",""0"",""0"",""2"",""0"",""15"",""0"",""31"",""0"",""0.0"",""1.40"",""86"",,""289"",""2.26"",""0.0"",""56.9"",""67.9"",""46.0"""
"USC00110072,""ALEDO, IL US"",""2007-11"",,""0"",""2"",""2"",""0"",""0"",""0"",""24"",""0"",""0"",""0"",""16"",""0"",""0.0"",""0.30"",""65"",,""725"",""0.50"",""0.0"",""38.9"",""49.3"",""28.4"""
"USC00110072,""ALEDO, IL US"",""2007-12"",,""0"",""10"",""7"",,,""0"",""30"",""21"",""0"",""0"",""8"",,,""0.70"",""45"",,""1256"",""2.86"",,""24.5"",""31.7"",""17.3"""
"USC00110072,""ALEDO, IL US"",""2008-01"",""0"",""0"",""6"",""6"",,""0"",""11"",""26"",""16"",""0"",""0"",""-12"",,""0.0"",""0.35"",""62"",,""1264"",""1.45"",""0.0"",""21.1"",""31.0"",""11.2"""
"USC00110072,""ALEDO, IL US"",""2008-02"",""0"",""0"",""11"",""10"",,,""7"",""28"",""19"",""0"",""0"",""-3"",,,""0.90"",""42"",,""1282"",""3.50"",,""19.4"",""27.6"",""11.1"""
"USC00110072,""ALEDO, IL US"",""2008-03"",""0"",""0"",""4"",""3"",""0"",""0"",""0"",""26"",""4"",""0"",""0"",""5"",""0"",""0.0"",""0.50"",""67"",,""893"",""1.00"",""0.0"",""34.2"",""44.4"",""24.1"""
"USC00110072,""ALEDO, IL US"",""2008-04"",""0"",""0"",""14"",""10"",""0"",""0"",""0"",""8"",""0"",""6"",""0"",""22"",""0"",""0.0"",""1.05"",""77"",,""445"",""4.71"",""0.0"",""48.8"",""59.6"",""37.9"""
"USC00110072,""ALEDO, IL US"",""2008-05"",""10"",""10"",""11"",""10"",""0"",""0"",""0"",""0"",""0"",""10"",""0"",""34"",""0"",""0.0"",""1.95"",""81"",,""265"",""6.58"",""0.0"",""56.8"",""68.3"",""45.2"""
"USC00110072,""ALEDO, IL US"",""2008-06"",,,""10"",""10"",""0"",""0"",,,""0"",""25"",""0"",,""0"",""0.0"",""2.00"",""87"",,,""7.30"",""0.0"",,""80.6"","
"USC00110072,""ALEDO, IL US"",""2008-07"",,""234"",""8"",""8"",""0"",""0"",""0"",""0"",""0"",""30"",""1"",""54"",""0"",""0.0"",""1.20"",""90"",""0"",""0"",""4.18"",""0.0"",""72.5"",""82.7"",""62.3"""
"USC00110072,""ALEDO, IL US"",""2008-08"",,""168"",""4"",""4"",""0"",""0"",""0"",""0"",""0"",""31"",""1"",""54"",""0"",""0.0"",""1.50"",""91"",""1"",""0"",""2.50"",""0.0"",""70.4"",""80.8"",""60.0"""
"USC00110072,""ALEDO, IL US"",""2008-09"",,""75"",""8"",""7"",""0"",""0"",""0"",""0"",""0"",""24"",""0"",""41"",""0"",""0.0"",""4.15"",""88"",""67"",""66"",""10.60"",""0.0"",""65.2"",""75.7"",""54.7"""
"USC00110072,""ALEDO, IL US"",""2008-10"",,""6"",""6"",""5"",""0"",""0"",""0"",""3"",""0"",""5"",""0"",""26"",""0"",""0.0"",""1.25"",""82"",""488"",""421"",""2.15"",""0.0"",""51.2"",""61.9"",""40.5"""
"USC00110072,""ALEDO, IL US"",""2008-11"",,""0"",""6"",""5"",""0"",""0"",""0"",""18"",""2"",""5"",""0"",""12"",""0"",""0.0"",""0.45"",""74"",""1274"",""786"",""1.45"",""0.0"",""38.8"",""48.3"",""29.3"""
"USC00110072,""ALEDO, IL US"",""2008-12"",,""0"",""10"",""10"",,""0"",""5"",""30"",""13"",""0"",""0"",""-6"",,""0.0"",""1.60"",""53"",""2488"",""1214"",""4.70"",""0.0"",""21.4"",""32.4"",""10.5"""
"USC00110072,""ALEDO, IL US"",""2009-01"",""0"",""0"",""4"",""4"",,,""7"",""31"",""27"",""0"",""0"",""-24"",,,""0.30"",""40"",""4030"",""1542"",""0.75"",,""13.6"",""22.1"",""5.2"""
"USC00110072,""ALEDO, IL US"",""2009-02"",""0"",""0"",""5"",""5"",,""0"",""3"",""26"",""10"",""0"",""0"",""0"",,""0.0"",""1.30"",""63"",""5023"",""993"",""2.25"",""0.0"",""27.9"",""38.3"",""17.5"""
"USC00110072,""ALEDO, IL US"",""2009-03"",""0"",""0"",""8"",""7"",""0"",""0"",""0"",""17"",""6"",""1"",""0"",""10"",""0"",""0.0"",""1.72"",""76"",""5817"",""794"",""5.19"",""0.0"",""38.5"",""48.8"",""28.2"""
"USC00110072,""ALEDO, IL US"",""2009-04"",""1"",""1"",""12"",""12"",""0"",""0"",""0"",""9"",""0"",""5"",""0"",""26"",""0"",""0.0"",""1.30"",""80"",""6331"",""513"",""5.63"",""0.0"",""47.5"",""58.6"",""36.3"""
"USC00110072,""ALEDO, IL US"",""2009-05"",""24"",""23"",""10"",""10"",""0"",""0"",""0"",""0"",""0"",""18"",""0"",""37"",""0"",""0.0"",""1.95"",""84"",""6510"",""179"",""4.31"",""0.0"",""59.9"",""71.0"",""48.9"""
"USC00110072,""ALEDO, IL US"",""2009-06"",""190"",""166"",""15"",""12"",""0"",""0"",""0"",""0"",""0"",""27"",""4"",""47"",""0"",""0.0"",""1.90"",""93"",""6539"",""29"",""8.55"",""0.0"",""69.6"",""80.3"",""58.9"""
"USC00110072,""ALEDO, IL US"",""2009-07"",""314"",""124"",""9"",""9"",""0"",""0"",""0"",""0"",""0"",""26"",""0"",""53"",""0"",""0.0"",""1.35"",""84"",""11"",""11"",""6.33"",""0.0"",""68.7"",""77.6"",""59.9"""
"USC00110072,""ALEDO, IL US"",""2009-08"",""437"",""123"",""10"",""10"",""0"",""0"",""0"",""0"",""0"",""29"",""0"",""48"",""0"",""0.0"",""1.65"",""88"",""31"",""19"",""8.70"",""0.0"",""68.6"",""78.0"",""59.2"""
"USC00110072,""ALEDO, IL US"",""2009-09"",""472"",""35"",""4"",""3"",""0"",""0"",""0"",""0"",""0"",""24"",""0"",""42"",""0"",""0.0"",""0.55"",""81"",""103"",""72"",""1.15"",""0.0"",""63.7"",""73.9"",""53.6"""
"USC00110072,""ALEDO, IL US"",""2009-10"",""472"",""0"",""14"",""11"",""0"",""0"",""0"",""9"",""0"",""1"",""0"",""28"",""0"",""0.0"",""1.45"",""72"",""661"",""558"",""5.80"",""0.0"",""47.0"",""55.1"",""38.9"""
"USC00110072,""ALEDO, IL US"",""2009-11"",,,,,""0"",""0"",,,""0"",""3"",""0"",,""0"",""0.0"",,""74"",,,""1.50"",""0.0"",,""54.2"","
"USC00110072,""ALEDO, IL US"",""2009-12"",,""0"",""10"",""9"",,""2"",""1"",""27"",""15"",""0"",""0"",""0"",,""2.0"",""1.15"",""56"",,""1063"",""3.24"",""3.0"",""25.3"",""32.0"",""18.6"""
"USC00110072,""ALEDO, IL US"",""2010-01"",""0"",""0"",""3"",""3"",,""0"",""9"",""27"",""23"",""0"",""0"",""-12"",,""0.0"",""0.90"",""40"",,""1410"",""1.50"",""0.0"",""14.6"",""21.6"",""7.7"""
"USC00110072,""ALEDO, IL US"",""2010-02"",""0"",""0"",""6"",""5"",,""0"",""2"",""26"",""22"",""0"",""0"",""-1"",,""0.0"",""0.35"",""35"",,""1174"",""1.10"",""0.0"",""19.9"",""28.5"",""11.2"""
"USC00110072,""ALEDO, IL US"",""2010-03"",""0"",""0"",""9"",""7"",,""0"",""0"",""13"",""1"",""1"",""0"",""14"",,""0.0"",""1.10"",""70"",,""711"",""2.59"",""0.0"",""41.3"",""50.5"",""32.1"""
"USC00110072,""ALEDO, IL US"",""2010-04"",""14"",""14"",""6"",""6"",,""0"",""0"",""2"",""0"",""13"",""0"",""30"",,""0.0"",""2.50"",""84"",,""246"",""4.95"",""0.0"",""56.7"",""69.0"",""44.4"""
"USC00110072,""ALEDO, IL US"",""2010-05"",""96"",""82"",""13"",""12"",""0"",""0"",""0"",""0"",""0"",""16"",""1"",""34"",""0"",""0.0"",""2.00"",""91"",,""193"",""7.65"",""0.0"",""61.4"",""71.7"",""51.2"""
"USC00110072,""ALEDO, IL US"",""2010-06"",""332"",""236"",""17"",""16"",""0"",""0"",""0"",""0"",""0"",""29"",""1"",""56"",""0"",""0.0"",""1.60"",""90"",,""0"",""9.35"",""0.0"",""73.1"",""83.6"",""62.6"""
"USC00110072,""ALEDO, IL US"",""2010-07"",""619"",""287"",""8"",""8"",""0"",""0"",""0"",""0"",""0"",""29"",""5"",""57"",""0"",""0.0"",""2.20"",""92"",""0"",""0"",""4.70"",""0.0"",""75.3"",""84.8"",""65.9"""
"USC00110072,""ALEDO, IL US"",""2010-08"",""891"",""272"",""9"",""8"",""0"",""0"",""0"",""0"",""0"",""29"",""2"",""56"",""0"",""0.0"",""1.30"",""91"",""0"",""0"",""5.07"",""0.0"",""74.4"",""84.0"",""64.8"""
"USC00110072,""ALEDO, IL US"",""2010-09"",,,""8"",""5"",""0"",""0"",,,,,,,""0"",""0.0"",""2.70"",,,,""6.69"",""0.0"",,,"
"USC00110072,""ALEDO, IL US"",""2010-10"",,""7"",""4"",""4"",""0"",""0"",""0"",""3"",""0"",""10"",""0"",""27"",""0"",""0.0"",""0.65"",""85"",,""285"",""1.55"",""0.0"",""54.3"",""67.0"",""41.7"""
"USC00110072,""ALEDO, IL US"",""2010-11"",,""0"",""4"",""1"",""0"",""0"",""0"",""16"",""0"",""2"",""0"",""17"",""0"",""0.0"",""0.20"",""71"",,""586"",""0.59"",""0.0"",""42.5"",""53.2"",""31.7"""
"USC00110072,""ALEDO, IL US"",""2010-12"",,""0"",""4"",""3"",,""3"",""3"",""29"",""24"",""0"",""0"",""-1"",,""7.0"",""0.60"",""43"",,""1307"",""1.55"",""12.0"",""19.9"",""26.6"",""13.3"""
"USC00110072,""ALEDO, IL US"",""2011-01"",""0"",""0"",""4"",""4"",,,""4"",""31"",""27"",""0"",""0"",""-8"",,,""0.60"",""55"",,""1474"",""1.20"",,""17.5"",""25.1"",""9.8"""
"USC00110072,""ALEDO, IL US"",""2011-02"",""0"",""0"",""7"",""6"",,""3"",""7"",""27"",""16"",""0"",""0"",""-12"",,""12.5"",""0.90"",""62"",,""1144"",""2.56"",""15.8"",""24.2"",""32.6"",""15.7"""
"USC00110072,""ALEDO, IL US"",""2011-03"",""0"",""0"",""11"",""4"",""0"",""0"",""0"",""23"",""0"",""1"",""0"",""21"",""0"",""0.0"",""0.55"",""74"",,""808"",""1.69"",""0.0"",""38.9"",""48.8"",""29.1"""
"USC00110072,""ALEDO, IL US"",""2011-04"",""0"",""0"",""15"",""13"",,,""0"",""6"",""0"",""4"",""0"",""28"",,,""0.90"",""83"",,""504"",""4.15"",,""48.2"",""58.5"",""37.9"""
"USC00110072,""ALEDO, IL US"",""2011-05"",""76"",""76"",""11"",""8"",,,""0"",""3"",""0"",""18"",""1"",""30"",,,""1.20"",""91"",,""234"",""3.95"",,""59.9"",""71.2"",""48.6"""
"USC00110072,""ALEDO, IL US"",""2011-06"",""224"",""148"",""12"",""11"",,,""0"",""0"",""0"",""25"",""3"",""52"",,,""1.55"",""91"",,""18"",""7.10"",,""69.3"",""78.4"",""60.3"""
"USC00110072,""ALEDO, IL US"",""2011-07"",""635"",""410"",""2"",""2"",,,""0"",""0"",""0"",""31"",""9"",""58"",,,""0.40"",""96"",""0"",""0"",""0.55"",,""78.2"",""87.6"",""68.9"""
"USC00110072,""ALEDO, IL US"",""2011-08"",""913"",""279"",""4"",""3"",,,""0"",""0"",""0"",""31"",""5"",""56"",,,""0.30"",""95"",""0"",""0"",""0.65"",,""74.0"",""85.2"",""62.7"""
"USC00110072,""ALEDO, IL US"",""2011-09"",""980"",""67"",""6"",""5"",,,""0"",""0"",""0"",""17"",""3"",""39"",,,""0.85"",""96"",""179"",""179"",""2.45"",,""61.2"",""71.8"",""50.7"""
"USC00110072,""ALEDO, IL US"",""2011-10"",""989"",""8"",""3"",""3"",,,""0"",""4"",""0"",""10"",""0"",""28"",,,""0.65"",""83"",""553"",""374"",""0.95"",,""53.2"",""65.4"",""41.0"""
"USC00110072,""ALEDO, IL US"",""2011-11"",""989"",""0"",""8"",""8"",,,""0"",""17"",""0"",""1"",""0"",""19"",,,""1.55"",""73"",""1253"",""700"",""4.50"",,""41.6"",""51.3"",""32.0"""
"USC00110072,""ALEDO, IL US"",""2011-12"",""989"",""0"",""9"",""7"",,,""0"",""24"",""6"",""0"",""0"",""2"",,,""1.20"",""56"",""2298"",""1045"",""3.25"",,""31.3"",""39.0"",""23.6"""
"USC00110072,""ALEDO, IL US"",""2012-01"",""0"",""0"",""5"",""3"",,""2"",""0"",""30"",""11"",""0"",""0"",""1"",,""5.0"",""0.20"",""59"",""3479"",""1180"",""0.62"",""6.0"",""26.9"",""35.6"",""18.2"""
"USC00110072,""ALEDO, IL US"",""2012-02"",""0"",""0"",,,,,""0"",""28"",""9"",""0"",""0"",""9"",,,,""59"",""4415"",""936"",,,""31.5"",""40.2"",""22.9"""
"USC00110072,""ALEDO, IL US"",""2012-03"",""20"",""20"",""7"",""7"",""1"",""1"",""0"",""12"",""2"",""12"",""0"",""11"",""1"",""1.0"",""0.50"",""82"",""4869"",""454"",""1.24"",""1.0"",""51.0"",""62.3"",""39.7"""
"USC00110072,""ALEDO, IL US"",""2012-04"",""20"",""0"",""8"",""7"",""0"",""0"",""0"",""5"",""0"",""8"",""0"",""29"",""0"",""0.0"",""0.90"",""81"",""5263"",""394"",""3.18"",""0.0"",""51.9"",""63.8"",""39.9"""
"USC00110072,""ALEDO, IL US"",""2012-05"",""105"",""85"",""7"",""5"",""0"",""0"",""0"",""0"",""0"",""26"",""1"",""43"",""0"",""0.0"",""1.35"",""91"",""5361"",""97"",""3.35"",""0.0"",""64.6"",""77.2"",""52.0"""
"USC00110072,""ALEDO, IL US"",""2012-06"",""285"",""180"",""5"",""5"",""0"",""0"",""0"",""0"",""0"",""28"",""4"",""42"",""0"",""0.0"",""2.15"",""94"",""5395"",""34"",""4.35"",""0.0"",""69.9"",""81.4"",""58.3"""
"USC00110072,""ALEDO, IL US"",""2012-07"",""702"",""417"",""5"",""3"",""0"",""0"",""0"",""0"",""0"",""31"",""15"",""60"",""0"",""0.0"",""0.83"",""101"",""0"",""0"",""1.18"",""0.0"",""78.5"",""89.4"",""67.5"""
"USC00110072,""ALEDO, IL US"",""2012-08"",""896"",""194"",""4"",""4"",""0"",""0"",""0"",""0"",""0"",""30"",""9"",""52"",""0"",""0.0"",""2.00"",""94"",""6"",""6"",""3.75"",""0.0"",""71.1"",""83.3"",""58.8"""
"USC00110072,""ALEDO, IL US"",""2012-09"",""969"",""73"",""8"",""7"",""0"",""0"",""0"",""0"",""0"",""23"",""2"",""34"",""0"",""0.0"",""0.70"",""91"",""168"",""162"",""2.92"",""0.0"",""62.1"",""74.4"",""49.7"""
"USC00110072,""ALEDO, IL US"",""2012-10"",""977"",""8"",""10"",""9"",""0"",""0"",""0"",""11"",""0"",""8"",""0"",""28"",""0"",""0.0"",""1.00"",""81"",""625"",""458"",""3.69"",""0.0"",""50.5"",""61.7"",""39.3"""
"USC00110072,""ALEDO, IL US"",""2012-11"",""977"",""0"",""4"",""2"",""0"",""0"",""0"",""21"",""2"",""0"",""0"",""12"",""0"",""0.0"",""0.85"",""69"",""1379"",""753"",""1.19"",""0.0"",""39.0"",""48.7"",""29.4"""
"USC00110072,""ALEDO, IL US"",""2012-12"",""977"",""0"",""6"",""6"",,""1"",""0"",""24"",""10"",""0"",""0"",""5"",,""4.0"",""0.83"",""69"",""2424"",""1045"",""2.53"",""4.0"",""31.3"",""39.4"",""23.1"""
"USC00110072,""ALEDO, IL US"",""2013-01"",""0"",""0"",""6"",""6"",""5"",""2"",""2"",""28"",""15"",""0"",""0"",""-1"",""1"",""1.1"",""0.95"",""59"",""3709"",""1285"",""2.70"",""2.1"",""23.6"",""33.6"",""13.5"""
"USC00110072,""ALEDO, IL US"",""2013-02"",""0"",""0"",""7"",""6"",""12"",""4"",""2"",""28"",""14"",""0"",""0"",""-3"",""4"",""3.5"",""0.45"",""54"",""4839"",""1131"",""2.32"",""7.6"",""24.6"",""32.7"",""16.6"""
"USC00110072,""ALEDO, IL US"",""2013-03"",""0"",""0"",""8"",""7"",""11"",""3"",""0"",""28"",""8"",""0"",""0"",""6"",""5"",""4.0"",""1.35"",""58"",""5915"",""1075"",""2.97"",""8.0"",""30.3"",""38.3"",""22.3"""
"USC00110072,""ALEDO, IL US"",""2013-04"",""0"",""0"",""9"",""7"",""0"",""0"",""0"",""7"",""0"",""5"",""0"",""21"",""0"",""0.0"",""3.10"",""80"",""6469"",""554"",""5.79"",""0.0"",""46.5"",""57.4"",""35.6"""
"USC00110072,""ALEDO, IL US"",""2013-05"",""79"",""79"",""18"",""11"",""0"",""0"",""0"",""0"",""0"",""21"",""1"",""35"",""0"",""0.0"",""2.61"",""92"",""6632"",""163"",""9.06"",""0.0"",""62.2"",""73.6"",""50.8"""
"USC00110072,""ALEDO, IL US"",""2013-06"",""275"",""195"",""15"",""6"",""0"",""0"",""0"",""0"",""0"",""30"",""3"",""49"",""0"",""0.0"",""0.82"",""94"",""6644"",""12"",""2.24"",""0.0"",""71.1"",""81.7"",""60.5"""
"USC00110072,""ALEDO, IL US"",""2013-07"",""538"",""263"",""9"",""7"",""0"",""0"",""0"",""0"",""0"",""29"",""9"",""51"",""0"",""0.0"",""0.53"",""96"",""7"",""7"",""1.90"",""0.0"",""73.2"",""84.7"",""61.8"""
"USC00110072,""ALEDO, IL US"",""2013-08"",""784"",""247"",""2"",""0"",""0"",""0"",""0"",""0"",""0"",""31"",""7"",""50"",""0"",""0.0"",""0.02"",""100"",""11"",""4"",""0.04"",""0.0"",""72.8"",""85.1"",""60.6"""
"USC00110072,""ALEDO, IL US"",""2013-09"",""939"",""155"",""5"",""3"",""0"",""0"",""0"",""0"",""0"",""28"",""6"",""44"",""0"",""0.0"",""0.50"",""99"",""72"",""61"",""0.87"",""0.0"",""68.1"",""81.7"",""54.5"""
"USC00110072,""ALEDO, IL US"",""2013-10"",""966"",""27"",""10"",""4"",""0"",""0"",""0"",""8"",""0"",""12"",""0"",""25"",""0"",""0.0"",""1.49"",""85"",""482"",""410"",""2.14"",""0.0"",""52.7"",""63.9"",""41.4"""
"USC00110072,""ALEDO, IL US"",""2013-11"",""966"",""0"",""10"",""4"",""0"",""0"",""0"",""21"",""5"",""1"",""0"",""6"",""0"",""0.6"",""0.34"",""71"",""1346"",""864"",""1.41"",""0.6"",""36.2"",""46.1"",""26.3"""
"USC00110072,""ALEDO, IL US"",""2013-12"",,,""8"",""4"",""16"",""4"",,,,,,,""5"",""3.5"",""0.37"",,,,""0.98"",""9.5"",,,"
"USC00110072,""ALEDO, IL US"",""2014-01"",""0"",""0"",""9"",""3"",""31"",""3"",""13"",""31"",""20"",""0"",""0"",""-17"",""8"",""3.5"",""0.50"",""44"",,""1567"",""0.89"",""7.6"",""14.4"",""24.8"",""4.1"""
"USC00110072,""ALEDO, IL US"",""2014-02"",""0"",""0"",""13"",""7"",""28"",""6"",""13"",""28"",""21"",""0"",""0"",""-14"",""18"",""5.7"",""1.05"",""50"",,""1432"",""3.06"",""20.4"",""13.8"",""23.5"",""4.2"""
"USC00110072,""ALEDO, IL US"",""2014-03"",""0"",""0"",""10"",""6"",""15"",""4"",""2"",""28"",""8"",""0"",""0"",""-10"",""13"",""2.5"",""0.27"",""63"",,""1097"",""1.16"",""6.8"",""29.6"",""40.3"",""18.9"""
"USC00110072,""ALEDO, IL US"",""2014-04"",""3"",""3"",""13"",""6"",""0"",""0"",""0"",""8"",""0"",""5"",""0"",""24"",""0"",""0.0"",""1.69"",""81"",,""473"",""4.32"",""0.0"",""47.7"",""59.8"",""35.5"""
"USC00110072,""ALEDO, IL US"",""2014-05"",""85"",""82"",""12"",""3"",""0"",""0"",""0"",""0"",""0"",""20"",""0"",""36"",""0"",""0.0"",""1.35"",""88"",,""187"",""2.28"",""0.0"",""61.6"",""73.0"",""50.2"""
"USC00110072,""ALEDO, IL US"",""2014-06"",""307"",""222"",""15"",""11"",""0"",""0"",""0"",""0"",""0"",""29"",""0"",""49"",""0"",""0.0"",""1.25"",""89"",,""13"",""5.70"",""0.0"",""72.0"",""82.4"",""61.5"""
"USC00110072,""ALEDO, IL US"",""2014-07"",""456"",""149"",""9"",""5"",""0"",""0"",""0"",""0"",""0"",""29"",""0"",""52"",""0"",""0.0"",""2.76"",""88"",""10"",""10"",""4.24"",""0.0"",""69.5"",""79.9"",""59.1"""
"USC00110072,""ALEDO, IL US"",""2014-08"",""674"",""218"",""12"",""6"",""0"",""0"",""0"",""0"",""0"",""31"",""2"",""55"",""0"",""0.0"",""1.42"",""94"",""10"",""0"",""4.93"",""0.0"",""72.0"",""81.4"",""62.7"""
"USC00110072,""ALEDO, IL US"",""2014-09"",""740"",""66"",""11"",""4"",""0"",""0"",""0"",""0"",""0"",""23"",""1"",""38"",""0"",""0.0"",""2.14"",""90"",""128"",""118"",""5.57"",""0.0"",""63.3"",""75.7"",""50.8"""
"USC00110072,""ALEDO, IL US"",""2014-10"",""740"",""0"",""7"",""4"",""0"",""0"",""0"",""2"",""0"",""3"",""0"",""31"",""0"",""0.0"",""1.27"",""75"",""534"",""406"",""3.48"",""0.0"",""51.6"",""61.9"",""41.3"""
"USC00110072,""ALEDO, IL US"",""2014-11"",""740"",""0"",""9"",""4"",""3"",""3"",""0"",""23"",""14"",""0"",""0"",""6"",""2"",""1.5"",""1.42"",""66"",""1579"",""1045"",""2.07"",""4.3"",""30.2"",""39.5"",""20.8"""
"USC00110072,""ALEDO, IL US"",""2014-12"",""740"",""0"",""5"",""2"",""0"",""0"",""1"",""24"",""5"",""0"",""0"",""0"",""0"",""0.0"",""0.54"",""52"",""2638"",""1059"",""1.13"",""0.0"",""30.8"",""38.0"",""23.6"""
"USC00110072,""ALEDO, IL US"",""2015-01"",""0"",""0"",""10"",""6"",""23"",""4"",""10"",""31"",""12"",""0"",""0"",""-12"",""7"",""4.0"",""0.40"",""46"",""3983"",""1345"",""1.50"",""10.6"",""21.6"",""29.9"",""13.3"""
"USC00110072,""ALEDO, IL US"",""2015-02"",""0"",""0"",""4"",""3"",""28"",""4"",""10"",""28"",""19"",""0"",""0"",""-12"",""7"",""4.6"",""0.90"",""44"",""5268"",""1285"",""1.54"",""11.9"",""15.1"",""24.6"",""5.5"""
"USC00110072,""ALEDO, IL US"",""2015-03"",""0"",""0"",""5"",""3"",""9"",""0"",""3"",""23"",""5"",""2"",""0"",""-2"",""6"",""0.4"",""0.20"",""78"",""6128"",""860"",""0.51"",""0.4"",""36.3"",""48.3"",""24.4"""
"USC00110072,""ALEDO, IL US"",""2015-04"",""1"",""1"",""11"",""5"",""0"",""0"",""0"",""5"",""0"",""11"",""0"",""26"",""0"",""0.0"",""0.52"",""80"",""6507"",""379"",""2.06"",""0.0"",""52.4"",""65.7"",""39.1"""
"USC00110072,""ALEDO, IL US"",""2015-05"",""71"",""70"",""18"",""11"",""0"",""0"",""0"",""0"",""0"",""21"",""0"",""38"",""0"",""0.0"",""0.75"",""83"",""6643"",""136"",""4.29"",""0.0"",""62.9"",""73.6"",""52.2"""
"USC00110072,""ALEDO, IL US"",""2015-06"",""232"",""161"",""16"",""14"",""0"",""0"",""0"",""0"",""0"",""29"",""2"",""45"",""0"",""0.0"",""1.74"",""92"",""6659"",""16"",""9.91"",""0.0"",""69.8"",""80.0"",""59.7"""
"USC00110072,""ALEDO, IL US"",""2015-07"",""473"",""241"",""11"",""3"",""0"",""0"",""0"",""0"",""0"",""29"",""4"",""54"",""0"",""0.0"",""2.55"",""93"",""9"",""9"",""4.83"",""0.0"",""72.7"",""82.4"",""63.1"""
"USC00110072,""ALEDO, IL US"",""2015-08"",""647"",""175"",""10"",""4"",""0"",""0"",""0"",""0"",""0"",""30"",""1"",""51"",""0"",""0.0"",""1.27"",""90"",""22"",""13"",""2.76"",""0.0"",""70.2"",""81.2"",""59.2"""
"USC00110072,""ALEDO, IL US"",""2015-09"",,,""6"",""3"",""0"",""0"",,,,,,,""0"",""0.0"",""1.20"",,,,""1.62"",""0.0"",,,"
"USC00110072,""ALEDO, IL US"",""2015-10"",,""2"",""6"",""4"",""0"",""0"",""0"",""4"",""0"",""10"",""0"",""29"",""0"",""0.0"",""1.32"",""80"",,""345"",""2.25"",""0.0"",""53.9"",""65.3"",""42.6"""
"USC00110072,""ALEDO, IL US"",""2015-11"",,""0"",""11"",""9"",""5"",""2"",""0"",""15"",""1"",""1"",""0"",""6"",""6"",""3.9"",""2.66"",""72"",,""648"",""6.91"",""5.4"",""43.4"",""53.1"",""33.7"""
"USC00110072,""ALEDO, IL US"",""2015-12"",,""0"",""16"",""8"",""3"",""1"",""0"",""22"",""2"",""0"",""0"",""15"",""1"",""1.0"",""1.54"",""62"",,""826"",""4.57"",""2.6"",""37.3"",""44.6"",""30.0"""
"USC00110072,""ALEDO, IL US"",""2016-01"",""0"",""0"",""6"",""4"",""14"",""1"",""6"",""27"",""18"",""0"",""0"",""-6"",""2"",""1.5"",""0.15"",""50"",,""1174"",""0.64"",""2.0"",""21.2"",""29.6"",""12.8"""
"USC00110072,""ALEDO, IL US"",""2016-02"",,,""3"",""2"",""4"",""1"",,,,,,,""5"",""4.5"",""0.71"",,,,""1.04"",""5.3"",,,"
"USC00110072,""ALEDO, IL US"",""2016-03"",,,""11"",""7"",""1"",""1"",,,,,,,""2"",""2.5"",""1.03"",,,,""3.49"",""2.7"",,,"
"USC00110072,""ALEDO, IL US"",""2016-04"",,""11"",""11"",""8"",""0"",""0"",""0"",""7"",""0"",""9"",""0"",""22"",""0"",""0.0"",""0.67"",""82"",,""405"",""2.23"",""0.0"",""51.4"",""62.8"",""40.0"""
"USC00110072,""ALEDO, IL US"",""2016-05"",,""78"",""13"",""9"",""0"",""0"",""0"",""0"",""0"",""18"",""0"",""39"",""0"",""0.0"",""1.67"",""87"",,""178"",""4.57"",""0.0"",""61.8"",""73.1"",""50.4"""
"USC00110072,""ALEDO, IL US"",""2016-06"",,""273"",""6"",""3"",""0"",""0"",""0"",""0"",""0"",""30"",""9"",""50"",""0"",""0.0"",""2.63"",""95"",,""2"",""4.53"",""0.0"",""74.0"",""86.0"",""62.0"""
"USC00110072,""ALEDO, IL US"",""2016-07"",,""290"",""16"",""11"",""0"",""0"",""0"",""0"",""0"",""29"",""5"",""56"",""0"",""0.0"",""2.46"",""94"",""2"",""2"",""7.76"",""0.0"",""74.4"",""84.6"",""64.3"""
"USC00110072,""ALEDO, IL US"",""2016-08"",,""283"",""10"",""8"",""0"",""0"",""0"",""0"",""0"",""31"",""0"",""53"",""0"",""0.0"",""1.63"",""89"",""3"",""0"",""5.65"",""0.0"",""74.1"",""83.9"",""64.3"""
"USC00110072,""ALEDO, IL US"",""2016-09"",,""146"",""6"",""4"",""0"",""0"",""0"",""0"",""0"",""29"",""1"",""47"",""0"",""0.0"",""1.90"",""91"",""14"",""11"",""2.48"",""0.0"",""69.7"",""81.2"",""58.1"""
"USC00110072,""ALEDO, IL US"",""2016-10"",,""27"",""9"",""7"",""0"",""0"",""0"",""0"",""0"",""14"",""0"",""34"",""0"",""0.0"",""0.85"",""88"",""267"",""253"",""2.07"",""0.0"",""57.7"",""67.9"",""47.5"""
"USC00110072,""ALEDO, IL US"",""2016-11"",,""2"",""5"",""3"",""0"",""0"",""0"",""11"",""0"",""3"",""0"",""21"",""0"",""0.0"",""0.58"",""76"",""817"",""549"",""1.15"",""0.0"",""46.7"",""57.9"",""35.6"""
"USC00110072,""ALEDO, IL US"",""2016-12"",,""0"",""8"",""4"",""12"",""5"",""2"",""26"",""13"",""0"",""0"",""-12"",""4"",""3.0"",""0.54"",""54"",""1999"",""1182"",""1.46"",""8.6"",""25.6"",""32.2"",""19.0"""
"USC00110072,""ALEDO, IL US"",""2017-01"",""0"",""0"",""9"",""4"",""0"",""0"",""4"",""29"",""8"",""0"",""0"",""-9"",""0"",""0.0"",""0.80"",""52"",""3017"",""1018"",""1.46"",""0.0"",""27.8"",""36.0"",""19.6"""
"USC00110072,""ALEDO, IL US"",""2017-02"",""0"",""0"",""8"",""2"",""2"",""0"",""0"",""20"",""4"",""5"",""0"",""8"",""1"",""0.6"",""0.13"",""72"",""3705"",""689"",""0.47"",""1.3"",""37.5"",""49.4"",""25.6"""
"USC00110072,""ALEDO, IL US"",""2017-03"",""0"",""0"",""10"",""7"",""2"",""1"",""0"",""19"",""1"",""1"",""0"",""12"",""3"",""3.2"",""1.48"",""76"",""4434"",""728"",""4.04"",""3.2"",""39.3"",""50.1"",""28.4"""
"USC00110072,""ALEDO, IL US"",""2017-04"",""7"",""7"",""14"",""12"",""0"",""0"",""0"",""1"",""0"",""15"",""0"",""32"",""0"",""0.0"",""1.23"",""80"",""4777"",""343"",""5.27"",""0.0"",""53.8"",""65.0"",""42.5"""
"USC00110072,""ALEDO, IL US"",""2017-05"",""43"",""36"",""9"",""6"",""0"",""0"",""0"",""0"",""0"",""22"",""0"",""37"",""0"",""0.0"",""1.31"",""87"",""4963"",""186"",""3.09"",""0.0"",""60.2"",""71.0"",""49.4"""
"USC00110072,""ALEDO, IL US"",""2017-06"",""241"",""197"",""11"",""7"",""0"",""0"",""0"",""0"",""0"",""30"",""7"",""48"",""0"",""0.0"",""0.28"",""94"",""4974"",""10"",""1.58"",""0.0"",""71.6"",""83.9"",""59.2"""
"USC00110072,""ALEDO, IL US"",""2017-07"",""546"",""306"",""9"",""7"",""0"",""0"",""0"",""0"",""0"",""31"",""10"",""56"",""0"",""0.0"",""1.73"",""94"",""0"",""0"",""5.89"",""0.0"",""74.9"",""86.5"",""63.2"""
"USC00110072,""ALEDO, IL US"",""2017-08"",""677"",""130"",""9"",""6"",""0"",""0"",""0"",""0"",""0"",""31"",""0"",""51"",""0"",""0.0"",""0.86"",""87"",""2"",""2"",""2.50"",""0.0"",""69.2"",""79.8"",""58.5"""
"USC00110072,""ALEDO, IL US"",""2017-09"",""794"",""117"",""3"",""3"",""0"",""0"",""0"",""0"",""0"",""27"",""3"",""45"",""0"",""0.0"",""3.22"",""92"",""58"",""56"",""3.75"",""0.0"",""67.0"",""79.6"",""54.5"""
"USC00110072,""ALEDO, IL US"",""2017-10"",""809"",""15"",""14"",""6"",""0"",""0"",""0"",""3"",""0"",""16"",""0"",""22"",""0"",""0.0"",""2.20"",""84"",""398"",""339"",""6.05"",""0.0"",""54.5"",""65.4"",""43.6"""
"USC00110072,""ALEDO, IL US"",""2017-11"",""809"",""0"",""9"",""5"",""0"",""0"",""0"",""24"",""0"",""1"",""0"",""17"",""0"",""0.0"",""0.52"",""70"",""1229"",""831"",""1.66"",""0.0"",""37.3"",""47.5"",""27.1"""
"USC00110072,""ALEDO, IL US"",""2017-12"",""809"",""0"",""6"",""2"",""7"",""3"",""3"",""30"",""10"",""0"",""0"",""-7"",""5"",""4.0"",""0.30"",""65"",""2364"",""1135"",""0.64"",""7.3"",""27.1"",""36.0"",""18.2"""
"USC00110072,""ALEDO, IL US"",""2018-01"",""0"",""0"",""5"",""1"",""14"",""1"",""11"",""29"",""15"",""0"",""0"",""-19"",""4"",""2.0"",""0.17"",""57"",""3724"",""1360"",""0.31"",""2.0"",""20.0"",""30.0"",""9.9"""
